OBJECTID,PCON21CD,PCON21NM,BNG_E,BNG_N,LONG,LAT,GlobalID,Shape__Area,Shape__Length
1,E14000530,Aldershot,484884,155126,-0.7841,51.28895,6fb8422e-dbb5-4615-946d-a50e24755686,52978752.0317993,36261.4075508454
2,E14000531,Aldridge-Brownhills,404723,302568,-1.93166,52.62087,ac7ca304-61c9-43ed-8da0-f673850fda51,42857272.1330261,33431.1046092364
3,E14000532,Altrincham and Sale West,374132,389051,-2.39049,53.39766,e9268ad9-79db-4f18-a45a-75b578f4acff,53374642.2837524,38251.2829045517
4,E14000533,Amber Valley,440478,349675,-1.3977,53.04283,85d80037-63e5-4460-acd6-1da8b91cda9c,127874586.872421,50232.6825849552
5,E14000534,Arundel and South Downs,510686,115542,-0.42635,50.92871,27686d42-4500-47bd-8200-79b90f0f4f0a,647329663.124004,188575.89836832
6,E14000535,Ashfield,450035,355939,-1.2542,53.09833,1dfd8389-9778-4ba4-a0b3-72dc0af4514b,107242176.24115,52507.8713721713
7,E14000536,Ashford,595733,138824,0.795167,51.11526,051a6272-7cb0-4ab1-b5ff-46823164b8c3,506490483.796387,126064.465053311
8,E14000537,Ashton-under-Lyne,392394,399819,-2.11611,53.49503,2a240dd1-9507-488e-b9d4-1e92794b95a5,29072300.919342,29491.0163444082
9,E14000538,Aylesbury,482160,199541,-0.81283,51.68862,b5c04ee1-4184-4d67-a6a0-e8dc929fb4b2,186271473.894226,117427.26140322
10,E14000539,Banbury,441108,233685,-1.4026,52.0001,a8e44162-1ad4-4c01-95ca-9f903f3f4552,466678932.489372,160510.867509977
11,E14000540,Barking,546096,184534,0.105303,51.5408,81ebc553-e9cb-423e-bbed-97e4540266c2,20200872.8770294,22085.4279735662
12,E14000541,Barnsley Central,433719,408537,-1.49228,53.57237,eafcf6e3-3238-447c-83bf-1c1588a9733e,48020937.8124695,38923.3757200294
13,E14000542,Barnsley East,439730,404883,-1.40198,53.53911,49dd99df-df4e-4b5d-a010-d5677d9a41bf,86357349.1490173,50100.0856228659
14,E14000543,Barrow and Furness,325364,484650,-3.14704,54.25207,727a12ee-b06b-45a1-804d-183e58586dfb,279833562.428833,151057.287110756
15,E14000544,Basildon and Billericay,569070,192467,0.440099,51.60566,44d5bed8-9afa-400f-ad64-4c3f9f64fbdb,62768225.4124451,33368.8136118637
16,E14000545,Basingstoke,465234,151979,-1.06642,51.26324,f972a101-4ae7-49e4-b890-0e55804322e6,58460890.6347618,41291.410801879
17,E14000546,Bassetlaw,469769,385125,-0.95316,53.35843,9d31178d-e1d2-40f0-b2f5-2b1a168caa64,479335810.246628,123851.560021846
18,E14000547,Bath,374693,164413,-2.36499,51.37819,8828760a-a5fd-480a-a813-c290192c5ea0,29980284.1801109,24778.9938933657
19,E14000548,Batley and Spen,420570,425305,-1.68974,53.72376,afc186dd-cdb3-4cd6-a9c1-ba021d39ccea,53223037.5597534,38159.6735753873
20,E14000549,Battersea,527494,175640,-0.16598,51.46537,494b87ef-e365-4eb9-b60d-9d04f194c914,11207394.8182068,17808.6290711021
21,E14000550,Beaconsfield,498198,185455,-0.58484,51.55944,db567602-37c2-4a55-b4aa-786bdc383bca,175929435.592346,89663.972122481
22,E14000551,Beckenham,540141,167040,0.012563,51.38511,0c2d0739-c955-4d1f-8cca-bc356f856911,35242816.2473907,28754.1311902938
23,E14000552,Bedford,505470,248675,-0.46072,52.12634,5acec16e-fd9d-45b6-81dd-5b1489527a0f,34007566.8905029,29164.3534308391
24,E14000553,Bermondsey and Old Southwark,533844,178920,-0.07338,51.49339,304745d3-1547-45db-ac2d-cac08c2a20ce,10916976.456665,16742.0032046424
25,E14000554,Berwick-upon-Tweed,404418,611896,-1.9318,55.40099,f27bb098-357b-4828-81c3-0d2ed65c3256,2387641718.09544,299422.397745052
26,E14000555,Bethnal Green and Bow,535338,182776,-0.05039,51.52768,0081fd09-e266-48e2-8178-758632f15ced,9531309.80233765,13549.5390763113
27,E14000556,Beverley and Holderness,523452,430761,-0.12892,53.75861,55f7aa67-eb84-4749-b659-ae93d57d9421,778111058.132553,187984.480408765
28,E14000557,Bexhill and Battle,572483,119005,0.453908,50.94467,76ffbb82-d03a-40a0-9860-db6923cfae72,528713681.679893,144922.01779706
29,E14000558,Bexleyheath and Crayford,549969,175941,0.157459,51.46257,7b5210f7-7dd2-43f5-970d-1f1400b486a9,23708121.8870773,21554.3683944444
30,E14000559,Birkenhead,330479,388287,-3.04673,53.38684,20130105-3680-4e03-9baf-a5b213c79173,23694461.8207245,20780.111051067
31,E14000560,"Birmingham, Edgbaston",402500,283463,-1.96463,52.44913,9b0078df-76b3-4958-b987-3c6f343c210d,28580261.1050262,24893.8922508161
32,E14000561,"Birmingham, Erdington",410573,292673,-1.84556,52.53183,a345e942-85c3-4547-9b0e-17ab5bacbd50,21838574.4747543,21613.7284847665
33,E14000562,"Birmingham, Hall Green",408501,282513,-1.87636,52.44053,7afb000c-e8fb-4216-9cb5-01a787cb6498,19026120.415947,21637.5338687192
34,E14000563,"Birmingham, Hodge Hill",410878,287656,-1.84123,52.48673,7c0c9bb0-a9b0-4f11-92d7-fd3c8e3070e0,20134075.3853455,26381.8324380971
35,E14000564,"Birmingham, Ladywood",407075,288133,-1.89722,52.49108,06917f8d-d655-48c0-849b-a3202e050a7c,24816092.4595337,30953.1248080008
36,E14000565,"Birmingham, Northfield",401888,279459,-1.97366,52.41314,bb03ea23-46cb-4a16-b047-78883f18989d,25492538.085228,27636.162832156
37,E14000566,"Birmingham, Perry Barr",406035,291868,-1.91247,52.52467,f726b52d-d663-4825-aa35-8ffc9ea98c44,26110414.503479,25473.1801403189
38,E14000567,"Birmingham, Selly Oak",406396,280770,-1.90736,52.42489,5de1b973-1948-446e-85ac-780fd15bceea,21495606.9311829,25781.5648375218
39,E14000568,"Birmingham, Yardley",412993,284792,-1.81019,52.46093,ee2b3166-b8f1-45ee-ba1a-216e3cf1cba7,21135231.4062271,24428.0145351863
40,E14000569,Bishop Auckland,400989,521813,-1.98621,54.59151,fa83a205-ade1-405d-849e-9bceed47db56,921876672.228149,175678.633847388
41,E14000570,Blackburn,367090,427991,-2.5005,53.74726,a190034e-ca56-4490-ad4d-d54ba0a77c2d,39690914.8020325,26861.7581665226
42,E14000571,Blackley and Broughton,384164,401961,-2.24027,53.5141,b695da99-834b-4f3c-b18d-d8c977a3c8f5,27347983.1137848,29227.6257930099
43,E14000572,Blackpool North and Cleveleys,333054,443884,-3.02,53.88681,cf54b61a-16c0-41d9-8e04-4ae6c952c77d,22721375.4499969,28758.7189149837
44,E14000573,Blackpool South,332819,433903,-3.02139,53.79709,b7e4fa58-e1cf-4e31-ba18-a33737fc9864,20079180.0330505,20145.8343928804
45,E14000574,Blaydon,417664,559652,-1.72588,54.93124,c1ca9635-103b-483a-ad82-b20be6e9c86b,112194335.302795,60209.8861076443
46,E14000575,Blyth Valley,428120,577680,-1.56095,55.09276,1a888c84-677e-4e60-b537-3243ab4ea9b5,70501429.5899353,39064.5005531922
47,E14000576,Bognor Regis and Littlehampton,494563,100500,-0.65959,50.79635,0ba70399-caae-4584-9d3b-a651bdafe111,63138871.1749649,46087.0548092095
48,E14000577,Bolsover,447998,366869,-1.28299,53.19676,a91e7ece-b536-4c76-a8ff-9acdf637c5a2,226755316.673721,98958.3040534192
49,E14000578,Bolton North East,372934,412475,-2.41053,53.60814,a28fd64d-39ba-489c-8632-455dfdb4ab1e,34588237.9512177,29449.039371873
50,E14000579,Bolton South East,371679,406344,-2.42894,53.55297,5d9bf3ee-5297-4b30-8d50-3baf4b45fc62,36929416.4374237,30643.3964928158
51,E14000580,Bolton West,364518,408253,-2.53724,53.56969,111a26ac-cf08-4700-9f70-475e42c253c9,72805711.7440338,45063.1900171648
52,E14000581,Bootle,333915,397229,-2.99696,53.46765,a4261f9a-001d-412f-afef-206ef88d9a3d,26441118.6283875,21848.6600213967
53,E14000582,Boston and Skegness,537721,349837,0.052108,53.02812,40586db3-9f1e-4835-b8a5-12c1bcc802fe,708974102.559418,157365.016031159
54,E14000583,Bosworth,439538,301379,-1.41755,52.60877,2475d847-0e72-4aca-a785-b16190a6f15a,292237665.267059,92814.8409764269
55,E14000584,Bournemouth East,411612,93657,-1.83678,50.74239,6c157eae-d227-466c-8b4f-7dc98ea7c6d7,26588565.3035316,31616.7198540889
56,E14000585,Bournemouth West,406759,94023,-1.90555,50.74576,44b4ffce-30db-49a1-a969-aa5e567e398f,27373846.3392944,24328.7889001136
57,E14000586,Bracknell,483647,165246,-0.79947,51.38011,ce0c4c00-4ff5-4e9a-93e2-d854163bb93f,73794701.4845581,41652.5525460625
58,E14000587,Bradford East,417427,433388,-1.73692,53.79652,29fd1a45-4a0e-42fd-a3df-c7d9e48ebaaa,27631525.4245148,30267.0745960776
59,E14000588,Bradford South,415841,429295,-1.7612,53.75978,d916cd1e-cace-4889-9633-2893bf099c73,44875219.5312042,47713.0277513694
60,E14000589,Bradford West,412492,433844,-1.81182,53.80076,6aed5266-b139-4c80-83b9-63ca067e6577,35822495.6642761,31864.2942312433
61,E14000590,Braintree,577253,232650,0.578649,51.96407,7046b7f0-2b84-4f0b-a66b-62f585c038bc,464805001.487808,113399.287506099
62,E14000591,Brent Central,521544,185233,-0.24829,51.5529,2057d36e-c851-4a16-9fb8-5836e805af37,18672250.4956665,22549.8287305097
63,E14000592,Brent North,518092,186649,-0.29758,51.56636,867b621a-f1b2-48de-bb1e-22626d4d2782,20458047.6964188,24696.6192145611
64,E14000593,Brentford and Isleworth,516569,177053,-0.32272,51.48043,7827d819-2ba1-44bd-8b90-50f1e56eedb2,27501357.9263687,33117.0214206269
65,E14000594,Brentwood and Ongar,556779,200101,0.266181,51.6778,96b6261d-5271-413d-8b9c-941ef6eaa697,315691506.319,86188.0207777167
66,E14000595,Bridgwater and West Somerset,302017,136701,-3.4014,51.12118,d13bb538-191b-4872-99ba-1342d051c20f,1084719160.99686,223093.840027782
67,E14000596,Brigg and Goole,476705,409463,-0.84303,53.57618,b84c3c3b-3ce4-47de-b501-7ec97aa2988a,640732617.80307,191828.536470604
68,E14000597,"Brighton, Kemptown",534575,104474,-0.09068,50.82416,70224ea8-51d4-4dd8-910d-75afc521ad92,39408842.3506546,38428.305921348
69,E14000598,"Brighton, Pavilion",531231,107526,-0.13704,50.85236,b2523c51-2536-48b7-83eb-d905eae0d22c,29454737.2329941,30255.6500040606
70,E14000599,Bristol East,362430,172547,-2.54204,51.45065,a0b7ea12-5fb5-4d78-a21f-f350ae26a4f7,23072014.2835503,28082.8261095334
71,E14000600,Bristol North West,355048,178219,-2.64899,51.5011,9956d21c-9e06-4280-9d45-2ef351037dcf,45741873.7651062,46177.3018133133
72,E14000601,Bristol South,358409,169601,-2.59956,51.42388,fbcebf05-b955-45b9-83f2-f75f8ef1141e,25224763.3500328,19741.838801087
73,E14000602,Bristol West,359407,174253,-2.58574,51.46578,8090bc3a-6cf2-41a6-aebc-9664ef653258,17043760.3124084,16873.5243663218
74,E14000603,Broadland,617274,321242,1.217577,52.74513,12b6e3d3-fca1-41f8-bf01-cdcc1c8c7368,764898903.610977,238444.170036909
75,E14000604,Bromley and Chislehurst,542970,170358,0.054525,51.41422,613b9f6f-1a29-409e-a3f5-9e635a8c5d3a,28321697.5713043,31041.0809741562
76,E14000605,Bromsgrove,399840,273736,-2.00376,52.36169,79ff4bd9-68a8-446e-9bb0-288e67f53666,217804076.094765,90652.4626601056
77,E14000606,Broxbourne,534218,205427,-0.05786,51.7315,a00e5a94-0f84-48fc-b481-b35b48064c67,67727783.7947388,43176.9216451601
78,E14000607,Broxtowe,450754,346085,-1.24501,53.00969,a3f41c0e-ed4c-441c-850b-b79034f6fc80,65130005.0453796,46657.2361435971
79,E14000608,Buckingham,477472,222419,-0.87553,51.89495,e76b7f40-bf13-4d2b-b536-60873e3328af,868902442.664932,211181.873888866
80,E14000609,Burnley,384886,430882,-2.2308,53.77406,53db8c12-c57e-42d5-9625-cacd3618078f,112948464.821213,48938.7607399395
81,E14000610,Burton,404391,334740,-1.93615,52.91008,95e90ee9-fd7d-4607-bf5c-f912f558920b,244954683.274765,126627.723679077
82,E14000611,Bury North,379312,413522,-2.31421,53.61784,305c0616-d6a4-4a22-9630-6f141b0f883d,51201192.1635895,36143.9128215334
83,E14000612,Bury South,380354,406519,-2.29801,53.55494,98d52b56-b082-4671-b21f-0f2008f93b5b,49248938.6861115,38981.4345029806
84,E14000613,Bury St Edmunds,594529,264764,0.848119,52.24668,b8f9f686-3ca5-4852-94af-b5c8b9aeeb2f,504334144.365372,146789.153071558
85,E14000614,Calder Valley,403388,423842,-1.95014,53.711,b520e259-ebaf-45db-be67-7d4dd2e746ef,308780559.502502,105900.499994005
86,E14000615,Camberwell and Peckham,533978,176264,-0.07246,51.46949,bdda0e2c-d70e-4efe-bc1f-3871d8a88db3,12338937.0089417,16764.1126143512
87,E14000616,Camborne and Redruth,171361,37224,-5.20458,50.19078,788d8a60-a0db-41ae-a2c7-8a7a19991e8b,282317202.819174,109425.674228435
88,E14000617,Cambridge,545420,257901,0.126436,52.20017,144a6cb2-3305-4680-a3f4-31ada92d38ad,36567950.8301697,33764.1009796204
89,E14000618,Cannock Chase,401261,311553,-1.98277,52.70166,16668b95-953d-459c-b87a-c3a45799199d,79383361.3506241,41976.801261657
90,E14000619,Canterbury,615367,155812,1.085447,51.26077,2cdfe804-5e60-48a7-a99e-f6601a30b51e,247664853.604103,94972.4950382324
91,E14000620,Carlisle,339754,552332,-2.9401,54.86213,f9d2ad61-52ef-415d-96f9-63690297e1e2,213347231.690994,97743.1322499999
92,E14000621,Carshalton and Wallington,528290,163524,-0.15891,51.35631,8f9a4737-bd7b-4b3b-a883-f5e1891959b4,26069055.6553497,25046.7607864048
93,E14000622,Castle Point,579490,187920,0.588084,51.56159,74be1ff2-d0d8-453a-8b05-05e30950a2a5,43400139.9355774,41049.2733651173
94,E14000623,Central Devon,272816,92580,-3.80304,50.71888,7c6bfef8-6078-4ab9-b0b9-c63c6c86244a,1412891574.38682,249210.469974064
95,E14000624,Central Suffolk and North Ipswich,619438,262142,1.210705,52.21378,499d25b1-3325-475e-a0d3-d6614c2c863a,793994854.827621,159004.917382013
96,E14000625,Charnwood,458723,311183,-1.13253,52.69517,208422c5-957d-482f-bdff-bbed2b67fb7f,171739004.407265,100295.792530862
97,E14000626,Chatham and Aylesford,574815,163049,0.508434,51.33964,a88f9e6b-8d9e-4e30-95ad-ce0c809978ec,62277302.2186432,51351.556236669
98,E14000627,Cheadle,387557,385611,-2.18845,53.36723,7e0cf90b-c1e5-43ac-9139-384b6ed362e5,40364805.3989105,32754.5920321816
99,E14000628,Chelmsford,571558,205432,0.482346,51.72137,cfe28f27-7943-47ac-b97d-7162ac413d82,41168819.6137085,32465.5869389652
100,E14000629,Chelsea and Fulham,525981,177080,-0.18724,51.47865,ed51c7ba-b55f-4817-905d-03f7f8292d3a,8730884.09924316,13942.9903824112
101,E14000630,Cheltenham,394670,221154,-2.07884,51.88892,3ae9306e-9b9a-4544-8854-68974c545dcc,37144088.4768524,27447.0954119755
102,E14000631,Chesham and Amersham,495432,198692,-0.62112,51.6789,39c69a39-ed08-49f1-b17c-8d5ada33bb7f,196151646.458061,71724.0854630934
103,E14000632,Chesterfield,440100,372487,-1.4005,53.24791,404a5c82-4b8a-4c5e-8668-a1cc6b38e5e6,47048404.3213959,36094.6913227546
104,E14000633,Chichester,490172,116639,-0.7179,50.94214,e1d04d01-5660-4691-85d9-5a620b528c2f,619990119.624348,189751.663581019
105,E14000634,Chingford and Woodford Green,538753,192824,0.002762,51.61714,109977e9-8523-43c8-9b77-898347b8aae7,19783122.3381042,19351.7261424056
106,E14000635,Chippenham,385912,164688,-2.20381,51.38106,0268e9c3-520a-4230-9dcb-cebbcd899b8f,167863455.51096,74553.1360059525
107,E14000636,Chipping Barnet,525720,194355,-0.18483,51.63396,be38e8de-de18-40e3-8111-6233e926d071,34741351.0838242,31522.9662711459
108,E14000637,Chorley,358735,418081,-2.62586,53.65759,24f8ca9c-d48a-4e30-8a3f-d8fee2501248,154545123.621719,64261.5275166789
109,E14000638,Christchurch,412843,100944,-1.81908,50.8079,ce64ea93-b705-4627-8203-e3876a4fc75b,106293894.285355,70210.6154265096
110,E14000639,Cities of London and Westminster,528186,180100,-0.15441,51.5053,fc94d3b9-aea6-4406-a0f0-ceda924be458,17224112.133316,23615.7887434191
111,E14000640,City of Chester,339232,361928,-2.9101,53.15102,812acc73-d48d-4a4c-8b84-65df0b9bb7fc,132419207.116585,72001.9683112404
112,E14000641,City of Durham,427183,541519,-1.57903,54.76787,b6408986-9b2c-4529-90bc-3804dae133bc,185936459.869049,84394.6938455628
113,E14000642,Clacton,618205,219639,1.165613,51.83273,f438843f-16e5-4a96-b5ee-bd87658a0a48,127582232.524345,86868.3787807033
114,E14000643,Cleethorpes,516876,415684,-0.23429,53.62467,bc1c3fc2-da64-4356-ab07-21a85351cd18,324031227.165283,134137.796074017
115,E14000644,Colchester,599674,224891,0.900077,51.88681,7b1acad8-f45b-4cc6-8f1b-f5f8ca038229,44300941.5209198,29081.3510582218
116,E14000645,Colne Valley,408584,411123,-1.87177,53.59662,21a8e27c-d7e8-4114-a231-80678e98bb2b,179620811.232285,64568.2927681701
117,E14000646,Congleton,380524,363233,-2.29277,53.16587,c8561db6-aff1-4d27-8021-c65b371e14dc,212197525.283394,81791.7550860208
118,E14000647,Copeland,314472,504225,-3.31979,54.42624,41064cc0-7003-46c6-b63d-9fa1a1747867,1183252657.61243,195973.111717356
119,E14000648,Corby,496882,284831,-0.57575,52.45286,796461ca-964a-4f9b-ab2a-71d6fdd4af15,553779404.753738,137079.084090784
120,E14000649,Coventry North East,436254,281108,-1.46825,52.42677,2a088ab5-ea8c-4154-8979-372d68c4b5c8,26360260.8858719,24495.2628817239
121,E14000650,Coventry North West,430295,281733,-1.55582,52.43275,47ed1111-b9a3-475c-9bb5-dbecfb399444,39939504.9533768,26680.2227088935
122,E14000651,Coventry South,432903,277293,-1.5179,52.39269,672efcd0-1037-458b-a6b0-2d5b3089ca04,33603334.4360046,35628.156430788
123,E14000652,Crawley,526390,137581,-0.19533,51.12357,9b05abc1-150e-4534-86a4-7571744743dc,47095409.5782089,33802.3398122431
124,E14000653,Crewe and Nantwich,371379,350813,-2.42844,53.05381,1315bf23-0a7f-4391-a8de-b6ec5b683770,133786492.717972,51477.4757733728
125,E14000654,Croydon Central,535760,165278,-0.05102,51.37034,df10b4d1-e69a-4cb1-b5d6-73b99cf90965,25820659.2675247,24447.6839213749
126,E14000655,Croydon North,532367,168763,-0.09844,51.40246,bd0d82e2-d6fb-41f1-8015-7deddf740c53,17415283.2948303,16818.4692221207
127,E14000656,Croydon South,532475,160711,-0.09989,51.33007,83cccc1e-8254-4a56-8da6-861696e04610,42503883.0557022,30900.5266177753
128,E14000657,Dagenham and Rainham,551633,183166,0.184497,51.52705,59f86bdf-035d-44b3-a0b7-d2e086bb75b7,40619787.9442444,40620.5395347098
129,E14000658,Darlington,429096,515409,-1.55189,54.53313,e0e9d8e1-6900-4b4c-bd31-a7cf7c3b97e8,30210044.2458038,25737.4627139309
130,E14000659,Dartford,556489,173120,0.249994,51.43547,19628044-5bd8-43c4-bb8b-9af7492a4c66,85788358.7001724,57021.0699623246
131,E14000660,Daventry,469194,268437,-0.98648,52.30971,3e125690-3ecd-493e-8ae8-9712b06ee01f,748538261.80265,173674.88118664
132,E14000661,Denton and Reddish,391356,394907,-2.13162,53.45086,86d14bae-6f32-456b-a703-af688a72678f,25764683.0570221,31812.0020043157
133,E14000662,Derby North,432427,336128,-1.51913,52.92161,f598879d-06f8-49ae-9c0d-37b03598d780,28267651.4470673,29420.6147668962
134,E14000663,Derby South,436265,333095,-1.46239,52.8941,56d24147-227f-424d-aadc-4101edbaad4d,31207063.3813171,25134.8311610551
135,E14000664,Derbyshire Dales,420966,359002,-1.68812,53.12779,fff5f5f9-6d44-40bc-beba-6a79e4b5d47d,910811118.684151,201435.731662259
136,E14000665,Devizes,413665,161526,-1.80514,51.35264,42e0d6ef-5d28-437a-9caa-34a2499ff385,1027412094.73053,173883.679806084
137,E14000666,Dewsbury,421195,414257,-1.68102,53.62443,b13f8942-567a-4cd9-83fd-99acc9274f24,126411997.307602,61905.7127484702
138,E14000667,Don Valley,460102,396080,-1.0963,53.45807,0827ae64-4f36-4fa3-b56d-feb0dd63aede,249108615.513977,105207.476374422
139,E14000668,Doncaster Central,460833,404244,-1.08372,53.53136,d364027e-1aa9-427c-90d4-3f2504d8d99c,59095500.6174316,43343.9989050542
140,E14000669,Doncaster North,455325,408912,-1.16598,53.57392,a4c519d0-e686-4a40-9622-383eb10f9c46,258976490.438141,101815.059532996
141,E14000670,Dover,629114,147137,1.276606,51.17754,3e75668f-ca40-480f-b5db-6da609bf304c,211173550.214638,81048.9794867491
142,E14000671,Dudley North,392287,291911,-2.1151,52.52503,5f7c70a8-0f95-441b-961f-89826cfbfcd9,23235407.7388458,21815.5624883913
143,E14000672,Dudley South,391503,288292,-2.12656,52.49248,7f432523-4d2b-412c-a0f5-dca07144efd1,24419482.5874481,22215.3537407729
144,E14000673,Dulwich and West Norwood,532835,172744,-0.09023,51.43812,70eb56f3-297d-4cc9-ba61-a9ea3c8d85fa,14252210.236412,17751.3664117199
145,E14000674,Ealing Central and Acton,519020,181117,-0.28607,51.51644,26a8f582-a059-4df0-9012-bb92b9d6867c,16797752.2967072,18931.2288438262
146,E14000675,Ealing North,513799,183122,-0.36063,51.53554,9f804666-8674-4ed4-90ca-2251eb5449aa,22620181.1274261,22224.3624089909
147,E14000676,"Ealing, Southall",514022,180335,-0.35832,51.51044,cd9e7343-a875-421b-831e-4f83d709aefb,14769382.7984238,20369.9485217952
148,E14000677,Easington,441536,544396,-1.35555,54.79275,22c7995c-bd8f-4311-9faf-e6436002db55,118858313.026016,59606.565863043
149,E14000678,East Devon,305688,90915,-3.33711,50.71018,f10901da-1403-45db-806b-bf7f961768e3,331153959.756765,90824.1597234497
150,E14000679,East Ham,542704,183066,0.055831,51.52848,6fea1229-429d-4d3a-946f-6a962dcf1c9f,19093161.8349991,23718.8467367828
151,E14000680,East Hampshire,474405,130897,-0.93936,51.07258,e4a817dc-5908-4d26-9c57-6be001785421,463518063.025692,107082.998777296
152,E14000681,East Surrey,535127,149673,-0.06601,51.23025,b5e3a563-2248-4b19-944c-dad11d2f0e91,260074442.710655,74783.0496301503
153,E14000682,East Worthing and Shoreham,516691,106109,-0.34395,50.84274,96bcc7f7-4b58-4ec1-8620-25cc402e9608,54636940.6945534,37662.2221710558
154,E14000683,East Yorkshire,494363,455529,-0.56236,53.98722,01f03302-fe5e-4354-aef0-d5e303d0fb96,1051717248.42569,213456.603062914
155,E14000684,Eastbourne,560047,100414,0.268914,50.78121,8f3e964c-1df3-4cb6-8081-daf757fc16ec,56602604.7622795,30777.8031464345
156,E14000685,Eastleigh,447457,116523,-1.32584,50.94619,87dd8fff-c27b-4a7f-a8b4-73244a6bed5a,72371161.4972267,50380.0669627856
157,E14000686,Eddisbury,355955,357876,-2.65951,53.11625,09780b9f-ca37-4bb5-849e-90db350ab669,714522893.390648,165795.465706729
158,E14000687,Edmonton,534700,194035,-0.05527,51.62901,f8d9f54c-8e5b-4296-8354-54aa29ef3d44,20044283.0935669,19788.8798044429
159,E14000688,Ellesmere Port and Neston,342023,374067,-2.87058,53.26043,223cb1e9-80df-4bf7-8e54-7e617b3b154e,119230018.164963,74570.3476664305
160,E14000689,Elmet and Rothwell,437927,442179,-1.42463,53.87445,8074ed7a-e83f-4cc6-b9c4-49e6c0cc9ed3,246272209.606415,100499.744099626
161,E14000690,Eltham,542695,174623,0.052291,51.45261,0c73c8a5-11cd-4a0a-a663-810a2f94b524,22071927.2595215,21433.3952320488
162,E14000691,Enfield North,533311,198224,-0.07373,51.66698,83573f74-3523-49ac-a910-5665e8177c1e,38724848.9991226,30465.3673764338
163,E14000692,"Enfield, Southgate",529425,196198,-0.13064,51.64969,eb0a6f0a-5628-4442-a7a4-a0e9c2803ed8,24657142.9384613,31710.4422922502
164,E14000693,Epping Forest,542999,199636,0.066831,51.67729,3efac500-fe02-481b-8dac-102a06f4a4cd,124548737.915512,60239.4405519515
165,E14000694,Epsom and Ewell,520890,161165,-0.26593,51.33673,bf4b239a-afe8-452b-96d0-92f1899a4dfb,51117199.2037125,32422.1086607862
166,E14000695,Erewash,446887,337932,-1.30382,52.93676,ab45eaa1-b640-4ed3-be2a-2342d3241751,61754126.2759399,43452.0726724807
167,E14000696,Erith and Thamesmead,547902,179126,0.12906,51.49174,ae2ca401-7cf0-4405-8a3d-7d764e2e48a1,23113141.1599121,19221.7676097733
168,E14000697,Esher and Walton,513123,163563,-0.37662,51.35988,277c60eb-95be-4def-ba19-6adf00143376,78538240.4015503,39386.4866938383
169,E14000698,Exeter,293158,92888,-3.51508,50.72574,20124471-477e-4812-85de-63cdd8285097,37555304.3002567,28018.3322048345
170,E14000699,Fareham,455616,106742,-1.21119,50.85751,38363768-1cd6-4d10-9138-610b43ec3c2a,62535532.3063774,46001.0951579203
171,E14000700,Faversham and Mid Kent,589077,153140,0.707712,51.24608,668a3191-3417-4393-8709-b59b4ad09646,389993757.393517,123481.361361145
172,E14000701,Feltham and Heston,510743,174852,-0.40727,51.46181,c20e8083-c91f-43de-9f8e-85f2bfb3aea1,29660786.7542114,30011.0578749655
173,E14000702,Filton and Bradley Stoke,359919,181654,-2.57922,51.53236,57806037-2600-44ab-9ba8-3200f5450195,80027528.5186234,52691.9821803193
174,E14000703,Finchley and Golders Green,525191,189002,-0.19437,51.58597,3173c412-e5a1-4840-812f-7541516ea8e4,21463150.3694763,21436.9305723286
175,E14000704,Folkestone and Hythe,610318,138085,1.002823,51.10347,43224a15-d09d-4855-9c03-38dc2d289eaf,436728650.430328,131267.614855656
176,E14000705,Forest of Dean,370366,223234,-2.43216,51.90685,0067210d-0d73-469d-a4fd-d644df8d7ced,615443044.824078,183156.264438989
177,E14000706,Fylde,340574,433972,-2.90369,53.79865,ce0d4b07-40f3-4767-b3d1-0ce74d7cb1bf,171687558.147095,72087.9466547415
178,E14000707,Gainsborough,499314,390326,-0.50774,53.40044,390b6d5d-cf20-44ce-86fb-b074a866a159,1205230953.15115,217864.263504175
179,E14000708,Garston and Halewood,343589,385827,-2.84921,53.3663,62afec7c-2acd-49a8-8dae-34486a0aa614,50918097.1160812,32751.7741879967
180,E14000709,Gateshead,426033,561058,-1.59515,54.94351,4811d02d-a935-400b-9c43-69e5fba42911,24980089.8180542,24920.6487536698
181,E14000710,Gedling,462238,343793,-1.07432,52.98788,7df20b7e-4223-4811-8d7e-700dcb3bfce5,38842980.1747284,37459.1970598617
182,E14000711,Gillingham and Rainham,580021,165777,0.584473,51.36253,cfe8fbfb-5c54-492b-8058-c44406b066a9,29858556.0169144,28312.4281737374
183,E14000712,Gloucester,384048,216342,-2.23296,51.84545,6fe00aca-f862-4233-88c9-b9e3eea03761,38012852.3550568,28756.8622743883
184,E14000713,Gosport,458437,101444,-1.17196,50.80959,cf622092-2ee0-4dca-9c63-639405ecd2ad,36263821.4750481,30690.2014950734
185,E14000714,Grantham and Stamford,502953,323566,-0.47439,52.79985,9c8432f2-356e-4f10-85ea-74abe31ff4e2,682554710.108047,150081.926114371
186,E14000715,Gravesham,566969,169114,0.398744,51.39649,59095937-d434-4886-85cd-b1df79b86c6b,97784770.9308395,49812.5947887776
187,E14000716,Great Grimsby,526243,407997,-0.09584,53.55345,870ff99e-dbf1-4870-9452-06c5395e6f58,28362667.1882019,24992.6032362042
188,E14000717,Great Yarmouth,646761,315881,1.64951,52.68439,3bcb062a-d9dc-4bea-8dac-662b6e4d00e7,180470417.275406,76391.0069657378
189,E14000718,Greenwich and Woolwich,541982,178079,0.043424,51.48384,90ed9877-f1d6-48e0-a88e-9aaba0a1172d,15550635.7221146,27204.4472747984
190,E14000719,Guildford,499332,149061,-0.57866,51.23209,139b21a4-c1ac-42fd-97bc-8a026abdfd8a,186120920.431648,96803.9383226387
191,E14000720,Hackney North and Stoke Newington,533597,186241,-0.07416,51.55923,300ae957-995b-4816-8ad7-adb8e770b555,9648873.61125183,13106.9137010289
192,E14000721,Hackney South and Shoreditch,534516,184214,-0.06169,51.5408,e6c59e77-cbf9-453f-9d49-73887bc5bf34,10642989.4051666,17480.6663230103
193,E14000722,Halesowen and Rowley Regis,396407,285885,-2.05431,52.4709,33292d9d-e781-4caa-8e78-4ebe3a9183de,28878187.528862,26886.3757403619
194,E14000723,Halifax,408844,427072,-1.86739,53.73997,b2711390-adbf-4e50-be54-b6a95aa23f42,58230711.5798645,42792.3364340697
195,E14000724,Haltemprice and Howden,488260,432100,-0.66215,53.77778,6fec2a55-f331-41be-9c2a-e7cbdeab22be,435991726.69632,139678.251623745
196,E14000725,Halton,350931,385329,-2.7388,53.36255,5f313fef-929c-43e9-8e03-b0af38be692f,54484995.2312012,46267.1751554947
197,E14000726,Hammersmith,523263,179603,-0.22548,51.50193,3485563f-06d3-43cd-b4e1-6532d805a711,13327258.6274338,15217.6032454607
198,E14000727,Hampstead and Kilburn,525224,184366,-0.19555,51.5443,dc2720e7-bbea-4324-9d9a-d9fca03575e4,13051143.2187424,18298.4558219645
199,E14000728,Harborough,467129,293798,-1.01169,52.53793,0427cd36-2d8f-4a3f-8117-926db6f7be81,203725258.812553,87936.5718363431
200,E14000729,Harlow,544823,209764,0.097401,51.76783,88df1244-7199-4a17-bb7e-a67eaad5bf56,79158710.0153503,59641.3992040149
201,E14000730,Harrogate and Knaresborough,433778,459121,-1.48587,54.02699,8c8375b1-8359-42aa-a980-a146635f9a35,148789177.192932,69845.8136312506
202,E14000731,Harrow East,516590,191685,-0.31757,51.61193,a4723777-f5be-4173-9bb6-9a5f1b66ab62,25927200.2115097,23271.8955227737
203,E14000732,Harrow West,514333,188002,-0.35135,51.57929,55cb64ad-3556-4372-92d1-4685c43ecf95,18266523.4988861,18854.1563259704
204,E14000733,Hartlepool,447160,531474,-1.27018,54.67614,6a54afc9-45d6-435e-a818-561981c9ef3d,96006815.4725952,50987.0671416484
205,E14000734,Harwich and North Essex,606257,226702,0.996677,51.90068,e9c09aa0-c52c-4286-a756-78b035074860,394324504.903015,176452.218126665
206,E14000735,Hastings and Rye,586036,116839,0.645516,50.92101,f8d2c1ac-c0aa-4928-8043-b51ffd890f67,179060051.029724,83714.4835055507
207,E14000736,Havant,471155,107783,-0.99025,50.86517,3080e7f4-2c6e-4355-bc01-caab0e5f51d7,47704655.6031418,59211.2143240546
208,E14000737,Hayes and Harlington,508166,177728,-0.44347,51.48816,9b124a40-7f08-48ed-845a-1f9caac855b6,45088032.3283768,30657.1882088363
209,E14000738,Hazel Grove,395593,389164,-2.06774,53.39929,64ee914d-50e0-4967-b857-a61bc6d28d89,57230590.1553345,36576.3089073158
210,E14000739,Hemel Hempstead,503880,211168,-0.49526,51.78954,fac61d76-dfb9-4808-a661-ca5ab6d36df8,108176045.658821,58416.6976588382
211,E14000740,Hemsworth,440578,416338,-1.3877,53.642,8d571c98-c918-40ea-ac67-ae8740a229e7,150112438.480103,63521.6962876478
212,E14000741,Hendon,521216,191861,-0.25073,51.61254,bd90bb9f-1c74-4fda-a3fa-f7f7e4537d5d,31218698.2456589,27264.0836506267
213,E14000742,Henley,461998,194072,-1.10542,51.64204,5ffa5c8c-f437-4b67-9c1d-1fb169d87bdf,681416382.947021,201985.007222401
214,E14000743,Hereford and South Herefordshire,342784,230969,-2.83435,51.97423,8e16ab33-b63b-46dd-bde7-10db816e6732,722892210.649551,179954.952377385
215,E14000744,Hertford and Stortford,540248,214919,0.033228,51.81531,6158c775-1141-4b41-bd1f-3b7f905ba89c,156074507.684631,75508.1775819453
216,E14000745,Hertsmere,519774,199352,-0.26899,51.68017,f8b0d685-a707-4a13-a84f-43456770ea68,98416013.8927689,51593.3437531631
217,E14000746,Hexham,390211,567671,-2.15457,55.00351,de3e7bf3-3296-4dcd-a219-77bc0737ff78,2431837026.22308,304897.995853835
218,E14000747,Heywood and Middleton,385746,412106,-2.21688,53.60533,d5278129-b162-417a-b4bd-e36735440474,71224975.8384247,46049.2718962769
219,E14000748,High Peak,410474,387660,-1.84398,53.38569,f80e34fa-5258-4365-8f98-320be0c9b06b,538854168.468124,134140.023846515
220,E14000749,Hitchin and Harpenden,517305,222266,-0.29695,51.88662,6a3445de-15c3-4654-a352-5d365fa630d6,252661003.884178,115484.907773707
221,E14000750,Holborn and St Pancras,529122,183936,-0.13953,51.53956,868911d0-b677-4fae-83de-dead8b9b484d,14382624.8356628,18186.5783302314
222,E14000751,Hornchurch and Upminster,556974,186879,0.263081,51.55895,2e6ff42c-ca78-49b6-8075-6f59ab2f302d,58391938.0900955,43667.6044217068
223,E14000752,Hornsey and Wood Green,529562,189748,-0.13104,51.59169,8a5dc6eb-a2d8-4647-b605-31e70714bd71,15524248.9397278,20127.8664613478
224,E14000753,Horsham,516728,128429,-0.33628,51.04336,e97e33aa-508a-494c-a9be-aa450b550e83,344866479.364532,129796.175608074
225,E14000754,Houghton and Sunderland South,436071,550396,-1.4398,54.84708,8a3e96fc-b30c-49d5-b1b3-92b3991af088,66194496.3202057,37049.4139121489
226,E14000755,Hove,526924,107167,-0.19832,50.8501,09f816ae-3f0c-4288-8067-5f2b4b97bd57,24838267.8163948,20068.373930161
227,E14000756,Huddersfield,416063,417801,-1.75842,53.65647,3bc03211-a5af-49eb-825c-1fbb852c9587,46400426.717514,32920.228536606
228,E14000757,Huntingdon,518908,268395,-0.25759,52.30082,379621ec-90b4-4c8f-80c2-076cb76bc49c,332061136.314926,143959.442324257
229,E14000758,Hyndburn,374762,428561,-2.38422,53.75281,7515b27d-acc1-48a6-9861-3b6962dc3247,89602478.969635,43899.606669198
230,E14000759,Ilford North,544659,190971,0.087245,51.59901,0fd8b848-6c8a-4726-8529-3b94adb85d37,30173466.5378036,25545.3679729234
231,E14000760,Ilford South,544662,186983,0.085646,51.56317,0876a140-b419-49e5-bee3-b9c792e7c55b,15024546.7895889,17019.9992309479
232,E14000761,Ipswich,617201,244449,1.166723,52.05584,a0feca43-b201-47ad-82cf-1d8c0e322244,33485858.1270447,25336.3796959562
233,E14000762,Isle of Wight,447183,85949,-1.33366,50.67129,d25877b7-3eb7-46af-80ab-7539a4f94cac,381465920.163311,107917.266275468
234,E14000763,Islington North,530597,186352,-0.11737,51.56093,16789e8e-2734-495c-9ba3-a40275a5da20,6729593.47806549,13351.9780334606
235,E14000764,Islington South and Finsbury,531411,183491,-0.1067,51.53503,f4d7d12d-b855-4cba-a969-ca1e63631eff,6611890.86503601,12812.3289716955
236,E14000765,Jarrow,431908,562657,-1.50327,54.95754,9bfd26b3-2d4d-466a-addc-e8d39a6eb39b,47171330.3224945,35939.7624387185
237,E14000766,Keighley,405387,444493,-1.91951,53.89659,ca12e986-48a7-40ea-8050-e3de1cc3df6d,167737652.211014,70196.617691761
238,E14000767,Kenilworth and Southam,442375,260518,-1.38082,52.24124,a681377a-1d80-4a5b-a32d-2dfc7ced23d2,621789126.270645,178050.056056821
239,E14000768,Kensington,525530,179393,-0.19291,51.49954,d948dc69-7762-4096-9355-4c745e178150,7433343.4394989,15599.0729245361
240,E14000769,Kettering,483866,282852,-0.76773,52.43723,c9477da4-bb6b-4c76-9087-d4b000a91cc8,235206971.830978,79997.8932730041
241,E14000770,Kingston and Surbiton,519508,166863,-0.28385,51.38823,1a5f9f6b-31e3-45b3-ab7b-876708587ebe,28829325.4905701,27525.5538717379
242,E14000771,Kingston upon Hull East,512460,431506,-0.29529,53.76778,24093b8a-c281-4826-a4af-ab905090ae10,28724144.9289246,24696.5588721197
243,E14000772,Kingston upon Hull North,507982,431612,-0.36316,53.76968,f4a01030-06fe-4e68-9b15-026748e06267,25533177.3850555,26219.0644777908
244,E14000773,Kingston upon Hull West and Hessle,507429,428283,-0.3727,53.73989,f479b4a6-02db-4510-89d1-c807e3719519,22077231.5752258,28772.1383608449
245,E14000774,Kingswood,367363,172198,-2.47102,51.44781,9312a8e4-bc95-4850-8088-790f5fd72bfc,42734697.1831207,36985.6026820576
246,E14000775,Knowsley,343147,394435,-2.8574,53.44361,cda1b785-381f-4249-87ef-139785d407b9,53580926.5834122,40155.9938394676
247,E14000776,Lancaster and Fleetwood,353827,456824,-2.70596,54.00537,dd44f464-579a-4b0a-a4f4-2d1ca7a0d5f8,438832665.231247,156127.447439168
248,E14000777,Leeds Central,431014,431345,-1.53086,53.77753,b7d3bc96-723d-4617-87d4-78d4013186eb,40677628.1989136,29388.6249568671
249,E14000778,Leeds East,435457,435028,-1.46302,53.81035,a350d0ce-4d21-4b70-a474-968992c893cc,33767917.9113007,29861.2830977036
250,E14000779,Leeds North East,430948,438845,-1.53111,53.84494,17f4d9f3-1be7-4b42-8bf1-0281b018de04,38887721.0022278,27259.8255887578
251,E14000780,Leeds North West,423969,440852,-1.63702,53.86335,d5cdc698-3b97-4691-9bc6-492a54c8ab88,60354577.9866943,48137.6175168574
252,E14000781,Leeds West,425371,433988,-1.61627,53.80159,b80c470c-b110-4ce4-b042-e5518fa97fe6,31077149.6670074,28988.366290237
253,E14000782,Leicester East,461961,305445,-1.0857,52.64323,a2169b1c-8431-40ab-9ad5-87ec9a635a82,23079452.4829865,19780.6653990823
254,E14000783,Leicester South,458931,302341,-1.13103,52.61567,759b104f-ca11-414b-94cc-3824b02dce25,21679580.4492645,20078.503281745
255,E14000784,Leicester West,456222,306111,-1.17039,52.64984,e0e868c8-12eb-4b97-92e1-ca8817777b4c,27670793.5997086,23626.9048869308
256,E14000785,Leigh,365379,399156,-2.52323,53.48798,01d206e5-7872-456b-b5b9-e67c8175c02d,67416557.5817261,44119.0320324349
257,E14000786,Lewes,545745,107939,0.069175,50.8526,431ed2b4-d8f1-46a7-9752-5e62ed9e8162,370395547.678406,123442.437363453
258,E14000787,Lewisham East,538645,173591,-0.00636,51.44434,62f80f27-6273-4327-b9a8-2e6266a0e185,14597572.8763733,22804.2912889539
259,E14000788,Lewisham West and Penge,536088,170861,-0.04418,51.42043,1344b79b-1086-4e48-8de8-1b893c9a2a58,15530544.1483688,19737.7627057206
260,E14000789,"Lewisham, Deptford",537338,175928,-0.02425,51.46566,862251e9-44d6-41b7-910f-1d9e790ea065,12187940.4850082,18061.6410448776
261,E14000790,Leyton and Wanstead,539833,187829,0.016363,51.57199,a6bd7bb8-6062-4d7e-b1fc-783ebb3d13e1,15528424.708519,16944.2625366521
262,E14000791,Lichfield,412225,317506,-1.8203,52.75504,4a9ae72c-b654-47b2-97b0-cdfcd222ba93,328352729.267014,102428.976437242
263,E14000792,Lincoln,495467,370186,-0.57163,53.22018,d325a7d6-f8f0-4397-8741-88e1becf5de6,64155646.7460022,45697.8210210633
264,E14000793,"Liverpool, Riverside",336390,388230,-2.95786,53.38708,87e229d8-3c6c-4692-91bb-01ad81df1ffa,25824650.2280655,28183.5296544107
265,E14000794,"Liverpool, Walton",336910,394442,-2.95129,53.44297,cd59ad6a-b0d8-4743-83b5-b794965f91b6,18876598.3511353,24897.593353773
266,E14000795,"Liverpool, Wavertree",339023,390195,-2.91866,53.40505,e39b89a2-50c7-42a1-a7b0-936111a4ee50,16660885.4906387,20037.5693117822
267,E14000796,"Liverpool, West Derby",339745,393988,-2.90853,53.43922,9fbb5eb6-fac4-415c-be91-a40b97da365f,20649047.3471451,22776.8066573425
268,E14000797,Loughborough,453785,319805,-1.20418,52.77318,d273ac24-aa97-40ca-a49c-a0bad8b9e5c4,129183773.176254,66236.0577666546
269,E14000798,Louth and Horncastle,535171,382656,0.027963,53.32359,5a1babd1-1271-4ef1-8ae5-c1daf5d696f8,1383071409.97542,207521.790446211
270,E14000799,Ludlow,350065,287901,-2.73679,52.48674,3a39df99-adf1-427d-894a-9c6fba0ba992,1549985244.81298,278838.573802866
271,E14000800,Luton North,507002,224395,-0.44592,51.90783,5a331dc1-7550-48c4-b6fc-35733fe3b426,19390423.1649933,18943.2723299001
272,E14000801,Luton South,508555,220571,-0.42456,51.87316,dd862822-5aab-439f-adab-39a226bc7ced,54891769.4220276,33077.8173464382
273,E14000802,Macclesfield,390591,374746,-2.14253,53.26963,c25842da-853e-4017-8a2a-bc1f6c30f57a,303225849.131531,79700.5553820087
274,E14000803,Maidenhead,484372,178127,-0.78598,51.4958,aa51fac6-2933-4914-9645-23f99dd9abf6,183901738.608673,74130.720695198
275,E14000804,Maidstone and The Weald,575796,149220,0.515706,51.21511,5fc3fa91-fe98-443d-8f92-9719c09c1ff1,220555602.099113,99062.7805256489
276,E14000805,Makerfield,358209,402916,-2.63179,53.52125,cfbe286a-f04b-4f4c-a94a-dace0b4d660e,54965363.8278351,42614.9325178005
277,E14000806,Maldon,588455,201772,0.724714,51.68308,25e15cc4-2690-4c8f-af8b-34151f6a2ed3,381549633.198769,164716.789252784
278,E14000807,Manchester Central,386354,398829,-2.20711,53.48601,a1570a8d-7576-4620-9fcf-b1ba43ae5a52,28134364.0860901,29219.0859073102
279,E14000808,"Manchester, Gorton",386935,395086,-2.1982,53.45238,e30cdf38-a478-4773-aac5-5b7368a304c8,17791167.7998505,22544.5603301729
280,E14000809,"Manchester, Withington",384007,392132,-2.24214,53.42575,e82dfc85-5c03-4ea3-8633-01702ce34f5f,18005606.3348389,22300.7400629389
281,E14000810,Mansfield,455047,363637,-1.17804,53.16703,7e1532cb-3d40-40da-bd29-946bb69a0998,78367820.4682922,45444.4194636808
282,E14000811,Meon Valley,462539,119561,-1.11065,50.97207,14219042-9d7f-4a1e-b47e-ea9897c93251,402960927.154221,112368.453786248
283,E14000812,Meriden,418290,281451,-1.73241,52.43075,ccf5942d-7c81-4756-b1a1-2859a1212bee,144498714.595383,81995.6055321141
284,E14000813,Mid Bedfordshire,504718,239346,-0.47456,52.04264,30f3fa10-0497-4060-8ce3-2bebbbaff093,459042755.454178,138102.023275983
285,E14000814,Mid Derbyshire,439737,341743,-1.40973,52.97159,2649e8dd-70f2-4635-ba37-f52c534b9e96,90297831.0613403,67771.2441849498
286,E14000815,Mid Dorset and North Poole,391551,94607,-2.12112,50.75099,90b339e0-8c38-439b-a832-efcead76febf,175808668.244215,94672.3303018027
287,E14000816,Mid Norfolk,597388,311524,0.917569,52.6655,bb60f88b-28a6-4d75-a84a-9c8aeee9b3e1,763105462.239014,145431.111382453
288,E14000817,Mid Sussex,527731,126921,-0.17994,51.02747,e184e8a9-bee8-431e-a989-0c499ec91e3c,187061654.370911,116270.132267239
289,E14000818,Mid Worcestershire,393275,253990,-2.09977,52.18412,e8b3755e-8516-4d4a-9f0d-8044a8f964f9,438098206.38118,187813.412978941
290,E14000819,Middlesbrough,450293,518464,-1.22383,54.55893,bf99a955-f4d7-4ffb-b070-5914df273104,29503189.4459534,27940.5128432772
291,E14000820,Middlesbrough South and East Cleveland,465118,516437,-0.99507,54.53903,188dda5f-534b-4944-ab1c-435825e6892b,201084854.582901,86490.6272080555
292,E14000821,Milton Keynes North,486764,246259,-0.7345,52.10787,78dc4448-440c-4c61-bb70-24727293842d,227920048.559296,69607.8370236031
293,E14000822,Milton Keynes South,486551,236093,-0.74019,52.01653,32691241-6541-434a-ae7a-95a2fbbcae73,81634285.5786743,53981.1008974504
294,E14000823,Mitcham and Morden,528027,168564,-0.16087,51.40166,990d6959-c535-4118-a0f6-78c2dd548442,16733092.8194733,22383.2465947233
295,E14000824,Mole Valley,514427,147482,-0.36305,51.21508,54f5e616-d18a-4760-b702-4b1c2641ae62,369451507.169807,107363.482946247
296,E14000825,Morecambe and Lunesdale,353442,468965,-2.7137,54.11444,7cdad911-a610-4091-b466-7ab8f2b7aea6,257239092.007324,122709.651489933
297,E14000826,Morley and Outwood,431161,425385,-1.52923,53.72396,8a75863e-de34-4625-8899-7ceb185527ce,67428600.9860077,50762.0132428257
298,E14000827,New Forest East,435182,105109,-1.50165,50.84443,786391b3-e440-4a4e-b183-1d8e15394688,397938440.36504,103794.79014351
299,E14000828,New Forest West,418341,108090,-1.7407,50.87201,703e3acf-d763-4316-b0a9-d5f0c926a012,356181635.025249,138964.043667229
300,E14000829,Newark,475944,357675,-0.86692,53.11088,446026e6-7f47-49ae-90ec-e88ce9fc2364,699015979.151154,175570.152098452
301,E14000830,Newbury,447318,172095,-1.3205,51.44587,a2e7f2b3-89f2-4145-a9e8-f898e558cf3c,596160649.511269,130152.816906108
302,E14000831,Newcastle upon Tyne Central,422342,565906,-1.6524,54.98725,8abb8ef8-241e-4659-982e-392e61d29929,23086059.6765289,20098.123729557
303,E14000832,Newcastle upon Tyne East,427215,565674,-1.57627,54.98493,7089a794-bc90-45b9-a289-00deb4776665,18835315.0510101,19387.3213321673
304,E14000833,Newcastle upon Tyne North,421039,569925,-1.67247,55.02342,f81efd4e-2760-49e4-9207-5a0df8cfcee8,71526105.7344208,46616.2150079803
305,E14000834,Newcastle-under-Lyme,380356,348791,-2.29439,53.03604,ff7f0674-697a-4946-9e54-80fbd1ea2f88,82254475.2509995,44988.8282269711
306,E14000835,Newton Abbot,288933,74357,-3.56936,50.55837,2cf0c6dd-0385-43f5-8719-78a867222300,203820734.690557,77144.9314071355
307,E14000836,"Normanton, Pontefract and Castleford",447021,422148,-1.28937,53.69368,ff4532c2-19fa-4519-abb3-d854e798ff7b,86511866.5900421,56903.0321412773
308,E14000837,North Cornwall,212024,78840,-4.65642,50.57896,04585b95-7ed0-44c3-90ca-aec3cd80019b,1204418559.07937,253507.526161793
309,E14000838,North Devon,265110,132532,-3.92691,51.07621,033ff499-cd86-425c-aaa1-95c063bb3a8e,1090880312.28702,198135.436857705
310,E14000839,North Dorset,390177,113279,-2.1411,50.91887,cf01c5b1-4c96-40c8-a0ed-1a4a3bbb46cb,881973698.082184,179628.78415035
311,E14000840,North Durham,423154,551799,-1.64084,54.86045,6976514a-5b0f-4d34-b7ec-8af7f69ce76d,105377485.454285,55624.2972770427
312,E14000841,North East Bedfordshire,509132,258803,-0.40399,52.21665,a3ebf60e-b97d-4521-a51e-0fb625f13a9f,537411698.921654,164622.198675848
313,E14000842,North East Cambridgeshire,537551,293449,0.025924,52.52158,b115c498-d0dd-48db-b95a-0b9ae6210779,729905450.093613,166842.90857184
314,E14000843,North East Derbyshire,437369,365923,-1.44219,53.18911,71adc0e1-f651-42e3-a303-edce1eaf02b2,228062506.850952,119122.280750659
315,E14000844,North East Hampshire,477217,151423,-0.89483,51.25675,068e0f40-5714-487c-9066-c0387853a5e3,402314266.54789,135471.800540566
316,E14000845,North East Hertfordshire,533034,227739,-0.06642,51.93227,56117bed-ee78-42e4-94d9-b02cd639db67,503368776.575684,136161.916694733
317,E14000846,North East Somerset,364116,161999,-2.51671,51.35591,c3364ee1-b726-40fd-8a75-ca2d7fb39f34,320189134.432777,131724.05693314
318,E14000847,North Herefordshire,348792,251361,-2.74996,52.15814,171c8610-3549-453c-8820-3e85e1f88001,1456985235.57623,286557.630697336
319,E14000848,North Norfolk,623466,330857,1.315708,52.8289,fcbbd9b2-5932-429d-b2c5-6011e090897c,725552583.825165,202481.013304205
320,E14000849,North Shropshire,349128,330083,-2.75711,52.86582,7893f951-158e-4bf7-98d0-b172ece290d0,933132076.433884,218838.367514259
321,E14000850,North Somerset,347329,169215,-2.75885,51.41948,a3b57729-5142-4384-99c7-db6c129b640d,227379051.151432,83742.3889388448
322,E14000851,North Swindon,417320,190622,-1.75124,51.61416,0a7a34f7-b844-45bd-ab1d-49e37a9532ff,103431359.458031,50493.4277575211
323,E14000852,North Thanet,625040,165660,1.230061,51.34545,94dedde7-153e-4e85-9107-4c9d13373fdc,136960284.888481,66581.4288853213
324,E14000853,North Tyneside,429482,568918,-1.54051,55.01395,8b1f8cb1-b032-4c65-aff5-f654fa29bab7,46511058.023941,39390.2323884544
325,E14000854,North Warwickshire,424687,296012,-1.63725,52.5614,108b6508-fb0a-49e7-80c6-800e35d23edc,266580403.875168,117095.236385712
326,E14000855,North West Cambridgeshire,522387,289492,-0.1989,52.48964,362c9bf7-8942-4336-bd9a-dc8c2fcf2ba8,747961374.363556,196889.928949728
327,E14000856,North West Durham,404359,544374,-1.93373,54.79424,be64aa80-e265-48c8-8262-c1c91c589bb6,701138342.785446,166286.821152623
328,E14000857,North West Hampshire,446060,151304,-1.34129,51.25904,e2792571-7c1c-465e-83b3-8b10c21d8cf7,588178823.381134,139435.168973203
329,E14000858,North West Leicestershire,439111,316252,-1.42209,52.7425,b39ae138-840e-4582-9640-88e72d34e4fe,278883899.005325,95528.4961816926
330,E14000859,North West Norfolk,574445,328869,0.587897,52.82913,a9303338-11bd-4536-94e4-d8789451251c,784646782.462112,181048.457345766
331,E14000860,North Wiltshire,396155,182656,-2.05683,51.54278,59d1e580-dc7e-43eb-a3ae-cc9676dae8ac,714183575.482311,175935.096250693
332,E14000861,Northampton North,477324,263094,-0.86848,52.2606,71c6cae2-b991-4502-b845-759295650a45,22059029.3486328,22056.5451644485
333,E14000862,Northampton South,480096,261363,-0.82829,52.24464,8e6cafa7-f22c-45da-a553-2a33205956aa,32249998.020195,35701.4011704467
334,E14000863,Norwich North,623504,311332,1.302986,52.65365,d10e3b63-bfdb-47ad-825a-adb6ceba7abc,36060062.8119202,30309.6669738183
335,E14000864,Norwich South,621220,308012,1.267054,52.62479,c400897d-379c-4a74-b881-f148f6d45c99,29346818.1024628,26147.2488664641
336,E14000865,Nottingham East,458309,341526,-1.13325,52.96795,031fec83-3e95-49bc-995b-5b0748d1fd6d,18037749.2012939,20067.958876853
337,E14000866,Nottingham North,454115,344384,-1.19521,52.99407,61dc3079-5f50-44c5-ac9f-506849135133,24338938.253067,29941.3605929233
338,E14000867,Nottingham South,454681,339273,-1.18764,52.94808,27ee9729-3251-4f3c-97a3-d6ab01006700,33235453.868576,33803.9403974561
339,E14000868,Nuneaton,431696,292172,-1.53423,52.52652,f52ea47c-0330-4b30-a955-b71d65d1c9a0,80732364.3117599,48309.9974694141
340,E14000869,Old Bexley and Sidcup,547995,173624,0.128095,51.44227,76a15994-5633-4dee-aa86-ccb1d34e4bd1,23610230.9746857,24258.935029763
341,E14000870,Oldham East and Saddleworth,398906,408181,-2.01799,53.57025,9c5795a2-6167-4b10-b3d6-b32fd9540457,103998810.40947,49727.70348846
342,E14000871,Oldham West and Royton,390878,405957,-2.13914,53.55018,4580fae8-2ad1-4621-89aa-ce9c43445f17,30517172.7439117,27642.2130277169
343,E14000872,Orpington,544861,162534,0.078513,51.34343,daed0c8a-f3da-4b9d-8980-bb7bcbdb9ca9,79475116.6467285,49378.5179983938
344,E14000873,Oxford East,453747,205162,-1.22294,51.74259,8931bfa4-a8d9-4cdb-8cdf-b4fa9637725c,31381848.1408234,25743.4514043499
345,E14000874,Oxford West and Abingdon,447998,207680,-1.30586,51.76575,d2f95092-5797-427b-8e9f-ce1b5ccd4a8a,127142128.613953,68350.07278719
346,E14000875,Pendle,387637,443368,-2.18957,53.88636,0e7bdd42-5105-4c75-bab2-5f4305ab2394,166912809.701309,66104.8783597392
347,E14000876,Penistone and Stocksbridge,423088,401791,-1.65331,53.51231,fa678eb4-67d6-4a75-b18d-bc0ca0cbd7b7,294345609.186493,87849.1080224144
348,E14000877,Penrith and The Border,356508,545631,-2.67811,54.80366,f4a6579c-a559-454a-b494-93bfe5aa8329,3122095600.24232,403826.018356091
349,E14000878,Peterborough,524756,303751,-0.15867,52.61722,7094ada4-a1a4-4298-af28-e72c00f2a70d,173056942.161774,60695.9431644392
350,E14000879,"Plymouth, Moor View",248146,59475,-4.13876,50.41544,7a01e4b6-6ec0-4750-937c-93d469095931,33725543.0661573,27487.2446678396
351,E14000880,"Plymouth, Sutton and Devonport",247632,55528,-4.14439,50.37984,707363bd-7a81-4999-8bc6-7d4b10e8c80e,20880390.301959,25358.193255295
352,E14000881,Poole,403952,91151,-1.94537,50.71996,62dda6cf-c397-49e9-ba61-3b355cdbf937,29822118.1745338,42155.7664918263
353,E14000882,Poplar and Limehouse,537802,180645,-0.01573,51.50794,1318859a-aef1-47c5-8e80-0af4e445960e,10057980.0738373,23172.3440070775
354,E14000883,Portsmouth North,466078,105236,-1.06285,50.84287,d4911a9d-c8f9-4ce6-a0b6-b5856e5bfbee,25938647.341423,43158.8853806183
355,E14000884,Portsmouth South,465418,99876,-1.07317,50.79475,e6311d44-fbe4-407e-ac6d-7d30b331e462,13162332.1726761,18208.7350980018
356,E14000885,Preston,354516,430863,-2.69158,53.77212,f80d2e5b-9029-4a49-bc0d-497c4f6476b1,27056148.0995331,28929.2268457884
357,E14000886,Pudsey,422501,438013,-1.65955,53.8379,34cc6d8f-f678-4b4f-9da6-fdf9c25c4f3e,54347791.3330383,53229.9299988616
358,E14000887,Putney,523538,174101,-0.22344,51.45242,48036e5c-0112-47cd-b532-c7071079dbf1,13064587.1210175,16146.9328509067
359,E14000888,Rayleigh and Wickford,584217,192876,0.6588,51.60459,701518f0-76f3-4f2b-ad75-8878c54c6406,115001737.453575,72630.1939878769
360,E14000889,Reading East,473252,173538,-0.94709,51.45609,0e8c29b3-bd94-4fc9-a43a-1acf060c280d,27156637.9383926,35170.2231390121
361,E14000890,Reading West,467724,172897,-1.02676,51.45101,307d572e-65f7-4df0-9b9b-f80a8045412f,50108080.6914139,39584.6468564478
362,E14000891,Redcar,458876,521568,-1.09051,54.5859,d2cdb242-f637-40e3-98ff-8d95c92af6cc,73306095.1264191,47706.8413272683
363,E14000892,Redditch,401238,258510,-1.98328,52.2248,1289095d-d5c4-4679-a166-a6cf831f067c,149367983.026146,74818.2478911583
364,E14000893,Reigate,525733,152598,-0.19946,51.25868,bb951b2d-0652-4e51-93f2-9dbf3c47cf22,112672176.549217,57288.3075071248
365,E14000894,Ribble Valley,369879,446287,-2.46002,53.91186,b212b4b0-5a2e-45f0-8c55-bc8db9f916d2,635214197.315903,154330.386216994
366,E14000895,Richmond (Yorks),412781,495786,-1.80484,54.35745,5551c411-2e2a-4a38-8622-f1acbcc2e3e4,2078915108.46686,322253.650968372
367,E14000896,Richmond Park,519834,173048,-0.27708,51.44375,dab36c1e-ea03-4c53-9ce3-a5fff420e8ff,38459806.4668808,32477.1706447872
368,E14000897,Rochdale,392416,415285,-2.11616,53.63404,642cf6d0-0369-4c4c-a694-9d6cfcc9e56b,85516018.8059387,47043.8558242394
369,E14000898,Rochester and Strood,578207,175198,0.563174,51.44772,0ab44a8c-270f-4223-b82e-2f897bfc5111,147165170.907784,97668.0553867388
370,E14000899,Rochford and Southend East,591942,188296,0.767716,51.56087,c71e7de1-c2c7-408d-93e4-f1a6a4392cd7,91070382.7316513,80425.2701466428
371,E14000900,Romford,551408,190669,0.184483,51.59452,350841a8-8555-4a02-a2d4-ac52f926ec3d,30747532.4242554,27518.0100459571
372,E14000901,Romsey and Southampton North,436034,128163,-1.48728,51.05168,cee43dec-a834-4a18-a648-cd1fbddf36ca,422161040.479137,131524.760250412
373,E14000902,Rossendale and Darwen,372446,420955,-2.41866,53.68433,e70181e4-e4d1-4c86-a538-2dbc38acf1b7,217164734.400452,104467.771363411
374,E14000903,Rother Valley,449699,386114,-1.25453,53.36958,0b5d1b4a-cdf3-4acc-a46d-84feb2e76d10,167610475.690735,59687.1266900827
375,E14000904,Rotherham,442371,392231,-1.36383,53.42519,d50c84d6-b149-4b5d-a1c1-5e7b66f8656c,46184154.581131,41841.9501070999
376,E14000905,Rugby,446258,281329,-1.3211,52.42801,8a6326a1-e626-4a2f-9b7e-9134b33258a8,245282454.302971,74923.8773070289
377,E14000906,"Ruislip, Northwood and Pinner",508439,189155,-0.43602,51.59082,9b028288-b067-4307-b490-2747826eb911,48403180.5381241,35595.8545280003
378,E14000907,Runnymede and Weybridge,503012,166624,-0.52091,51.38931,0b32539d-95fa-42f8-a4cf-0b15aad6e1e9,96112701.2351685,47242.759462948
379,E14000908,Rushcliffe,462332,332669,-1.07505,52.88789,2bbad3ce-6d32-4e6a-93bb-0fd127a9ea54,311219231.580399,94760.4076632442
380,E14000909,Rutland and Melton,484648,311819,-0.74885,52.69746,c1746c39-8626-4935-988b-821a15659522,1118734846.64156,186640.399726762
381,E14000910,Saffron Walden,559857,226819,0.322967,51.91696,904c4be0-ba41-49fa-a096-bb9b551eedb2,798464397.646873,162309.4250929
382,E14000911,Salford and Eccles,379701,400390,-2.30747,53.49982,5837dd7f-fe1c-4c55-9745-2af583122639,32494464.0245209,29112.0872592273
383,E14000912,Salisbury,412884,132088,-1.81741,51.08795,fa77148d-e90d-44b5-bade-8d3f7f389d11,612459056.067047,158236.958234885
384,E14000913,Scarborough and Whitby,485778,506115,-0.67883,54.44322,572a7a62-34fa-4b80-b9a7-3dc73d4f4862,732175004.775497,175681.872602349
385,E14000914,Scunthorpe,494110,405551,-0.58143,53.5382,380bbc56-013c-45ba-9a63-f6aa2a99bb10,180914767.13446,76869.2132140934
386,E14000915,Sedgefield,431052,526108,-1.52053,54.62916,e8c01190-7ff6-49a4-84bc-61c84a237caf,365760844.171951,151956.110866815
387,E14000916,Sefton Central,331662,404014,-3.03237,53.52833,bcd1151f-264a-420d-b342-816e612ff9af,81871157.9079971,61552.042549137
388,E14000917,Selby and Ainsty,449167,442159,-1.2537,53.87333,ebe1d366-3c0f-424a-b727-4ff0190e2399,849648684.716187,223925.421099506
389,E14000918,Sevenoaks,552010,159916,0.179962,51.31804,fc935126-2657-48af-8cc7-70d08edaac3c,247584184.485474,83082.0219461231
390,E14000919,Sheffield Central,435726,386662,-1.46445,53.37563,83f1a8a0-fec5-4fc5-baed-de85caa3e91a,20033168.5726624,26465.0385160046
391,E14000920,Sheffield South East,440551,388350,-1.39172,53.39045,e8af2bb5-f176-405d-a069-a19ad1d3c87a,45933038.2089691,42341.8996115077
392,E14000921,"Sheffield, Brightside and Hillsborough",435434,390928,-1.46837,53.41399,fef6b058-6a53-43da-972a-804b55ceecdb,26127371.8285828,23329.7419514279
393,E14000922,"Sheffield, Hallam",426415,388888,-1.60422,53.39618,590e81a0-dbe6-4a9d-8112-e416b824eec9,135919418.460327,64591.5652843236
394,E14000923,"Sheffield, Heeley",436622,384071,-1.45128,53.35228,1438ac68-6852-494d-9744-98a6c99b60c3,23984137.8017883,24375.7111545896
395,E14000924,Sherwood,460406,358481,-1.09886,53.12011,1fba8b57-c113-4eb4-a7bc-190e11adea79,305960502.436447,109277.642993538
396,E14000925,Shipley,412611,439633,-1.80977,53.85279,09a430fd-0d04-4fbc-9aa5-756c75130eca,93808956.1998749,66705.3836235325
397,E14000926,Shrewsbury and Atcham,346360,307551,-2.79453,52.66302,daf1a2a7-c004-4b1f-b043-bbfc87fc2b12,602866957.372063,132317.012740809
398,E14000927,Sittingbourne and Sheppey,586981,164704,0.683769,51.35064,c17f23ae-89e0-4f60-9760-ebb5526ce165,236018875.791679,134150.290868679
399,E14000928,Skipton and Ripon,398261,462236,-2.02806,54.05608,f88ab068-f1ca-4490-8261-959fb203adb9,2094577573.76025,290935.89700226
400,E14000929,Sleaford and North Hykeham,503640,352930,-0.45484,53.06359,ce1e95e4-d8ba-4c33-85f6-cad62abc6cc1,1120416113.06029,185965.044163688
401,E14000930,Slough,496543,180461,-0.61008,51.51483,a703b4c3-a702-4765-95a8-3e0e1b4a3897,26681529.3844147,27735.9507199814
402,E14000931,Solihull,413056,280069,-1.80944,52.41847,55572fc1-8eda-4c79-a063-1717366a4daf,34739931.7766495,24994.8057964909
403,E14000932,Somerton and Frome,364633,137241,-2.50683,51.13333,d7a42d61-fb7c-4c6c-a8e8-1ddf8ef38edd,950599657.465229,211598.247630376
404,E14000933,South Basildon and East Thurrock,568409,183316,0.426184,51.52365,398ff734-28ec-4bd7-a8d5-49b42ed8cde1,129862841.804764,66660.762040692
405,E14000934,South Cambridgeshire,537837,254678,0.014247,52.17316,0657faf1-4f5b-47c1-a1da-1988cdb6a30d,629035798.648331,183562.828400539
406,E14000935,South Derbyshire,431443,325363,-1.5348,52.8249,1d7a1ad2-5830-48e0-b5a0-ef97719a7a50,336766772.761986,130230.075764883
407,E14000936,South Dorset,385853,85482,-2.20154,50.66882,cfa9a832-46f1-4910-bf99-44f8c19ef9cb,370064094.205347,173311.290981906
408,E14000937,South East Cambridgeshire,553959,267334,0.255572,52.2826,612ef91b-59f7-4297-9648-3856d0fa3db9,749497801.091469,206689.842657202
409,E14000938,South East Cornwall,226461,62950,-4.44533,50.44066,df67b21b-6fa4-45e7-a9fe-7e4c3b7e10ce,727622063.299521,183029.9171382
410,E14000939,South Holland and The Deepings,532912,322822,-0.03058,52.78663,a1bf3599-27cb-47b4-b559-cd718b197b16,785247020.852417,156515.90062786
411,E14000940,South Leicestershire,454415,290699,-1.19962,52.51149,ef47c7bd-acbb-4c74-89b1-a2fe4b99a496,284435638.010094,84095.4135972462
412,E14000941,South Norfolk,629989,295823,1.387927,52.51176,1ab4f46b-83c3-4908-8d89-538c92bea761,793950425.083649,181320.011114534
413,E14000942,South Northamptonshire,463454,246589,-1.07475,52.114,8701e224-044c-4156-99d7-a86b8dcce844,605585111.445854,191734.750769331
414,E14000943,South Ribble,350223,421354,-2.75518,53.68627,66d26cc5-8754-41ec-82ee-1839b681e3f8,198375280.179993,92001.8754736775
415,E14000944,South Shields,437206,564560,-1.4203,54.97427,a3499f2f-4077-40c7-83ed-466639724e23,24147640.651474,31034.7509191667
416,E14000945,South Staffordshire,389625,306836,-2.15481,52.65916,ceab61b7-2307-4ad2-98b5-096485514c61,278336674.887299,127886.284529547
417,E14000946,South Suffolk,599984,244716,0.916119,52.06471,2004e89a-6f77-4980-9051-e486815ab4af,649188170.006088,166198.474406093
418,E14000947,South Swindon,419067,181604,-1.7265,51.53302,16bccf93-49b3-4577-b295-bfa242dc0ccb,124327235.398766,61419.6097430967
419,E14000948,South Thanet,628498,158406,1.274986,51.27895,6b8b6094-10f2-4832-a5d7-8bf8b5215192,128079842.575806,78322.6880128902
420,E14000949,South West Bedfordshire,498229,221850,-0.57413,51.88657,b461a029-4388-4178-ba71-1ced2ac6c87b,122993249.060738,60180.3907233562
421,E14000950,South West Devon,258137,56607,-3.99715,50.39216,505b07bc-9835-4920-a22f-db31f9614651,373243743.531189,112452.187107962
422,E14000951,South West Hertfordshire,499430,208327,-0.56057,51.76481,8c812e65-09f1-4781-bf6f-ac7a290c530c,173363089.693901,102742.670428546
423,E14000952,South West Norfolk,575310,297872,0.584232,52.55047,0949f582-569b-411f-980d-880bb9edb506,1307245669.90385,232185.454532401
424,E14000953,South West Surrey,492268,140635,-0.68197,51.15753,396c9289-690f-4047-a7dc-d770ee785e63,257928431.0984,84711.1198671909
425,E14000954,South West Wiltshire,391047,139812,-2.12939,51.15748,12ee9509-044e-4d3c-a962-bf8949d61b47,737950963.988171,150197.205327314
426,E14000955,"Southampton, Itchen",445456,112145,-1.35486,50.90698,d4280029-50ac-45ad-ad0f-993ff272b942,21987700.8524475,29245.2924156599
427,E14000956,"Southampton, Test",440306,114131,-1.42789,50.92522,5a8716de-c307-447a-8af7-ba3d619f082d,22656453.4885178,25652.0359992997
428,E14000957,Southend West,585152,187496,0.669453,51.55596,3ece1405-4843-46ba-bebd-b272e7f2d4d5,18695452.0285645,17792.4064117157
429,E14000958,Southport,333107,415938,-3.01314,53.63568,41cf2e9e-9bd3-4610-b5d0-c3845147661c,45522270.4033051,35596.8138802409
430,E14000959,Spelthorne,507012,169622,-0.46254,51.41552,e4d524e8-e95f-4052-b2e5-a835c4fde14b,52203659.1604843,34686.4780427901
431,E14000960,St Albans,514325,205423,-0.34578,51.73587,2b0ace05-3d5a-457a-9aa9-db9128447224,66725009.0129089,51595.0224824496
432,E14000961,St Austell and Newquay,195453,57855,-4.8787,50.38491,41b80a72-dc85-4f13-a24a-2429fee71e66,394378050.417617,146183.951087103
433,E14000962,St Helens North,351263,398699,-2.73589,53.48275,6073e72b-6e0f-4b29-830e-fd48a1ada833,84506011.1157913,51587.6208493067
434,E14000963,St Helens South and Whiston,351222,392412,-2.73553,53.42624,5e06d6a7-a520-487a-bd3d-4224332f4e75,62702442.1820374,42505.4141525544
435,E14000964,St Ives,141320,26415,-5.61729,50.08141,2887325b-97b6-4bd7-b248-429ba7758694,527043923.910497,202609.318475513
436,E14000965,Stafford,391013,320185,-2.13466,52.77918,3ab7e32e-2195-4406-89ff-65f80150893b,292008848.944519,116651.121151677
437,E14000966,Staffordshire Moorlands,400043,355243,-2.0008,53.09441,19e7ace5-0820-44c6-a7db-ede58cdce984,512463277.319664,125358.557739861
438,E14000967,Stalybridge and Hyde,398013,398062,-2.0314,53.47929,9ac3322b-9b96-4d34-b292-997ece1f1dcf,62987305.3718872,35580.8728879055
439,E14000968,Stevenage,524285,223238,-0.19523,51.89385,e97e9a32-92c3-4e6a-96b2-6e2d39469e3c,65083455.4121017,48358.4345959042
440,E14000969,Stockport,388819,390460,-2.16966,53.41084,fc60f5e0-944e-44bb-af9d-f364f06e2696,21806373.5421448,27859.5361827534
441,E14000970,Stockton North,444940,523121,-1.30589,54.60128,75306589-6dae-41f9-ad15-0f9af9e2aa04,119422153.216782,75042.5921738501
442,E14000971,Stockton South,443143,513821,-1.33506,54.51786,3c247d37-c257-48e5-a730-1bb3d55aea55,86645787.3820953,56145.9832032364
443,E14000972,Stoke-on-Trent Central,389141,347318,-2.16333,53.02306,4958b6c5-014d-46fb-923d-3fbcf9cf9733,29576224.1469879,33583.4569613655
444,E14000973,Stoke-on-Trent North,387700,351970,-2.185,53.06484,ff4f355b-3df4-4a99-8d7b-92442ddbeb3e,42432047.7155075,32919.8778076135
445,E14000974,Stoke-on-Trent South,390276,342227,-2.14626,52.97731,963c5d3b-29f5-47a2-812a-843b33709ded,31872574.0862198,30823.528129771
446,E14000975,Stone,388489,330561,-2.17245,52.87241,8a596a16-f01e-40f1-bdee-7a67217da17d,621171315.375595,197992.834061378
447,E14000976,Stourbridge,391209,284285,-2.13079,52.45645,d264f61b-1701-4f67-9242-bb87a5ffd655,27154598.0365753,23948.169734153
448,E14000977,Stratford-on-Avon,419834,253616,-1.71133,52.18045,82623dc1-63af-41c0-808c-ce023d49b7ec,670723041.44828,171863.62306282
449,E14000978,Streatham,530187,172431,-0.12842,51.43592,0753d002-741c-4f89-bef0-9fdb0d0b74ae,10696963.6635437,16388.7136342678
450,E14000979,Stretford and Urmston,376790,394312,-2.3509,53.44507,cff0f946-9c6d-44ae-b69c-e14d44a26bf3,44612660.0200348,33546.6917460826
451,E14000980,Stroud,382171,205282,-2.25963,51.74595,dd230bf7-2a74-49e3-9a4e-a04e185cd343,398130883.803932,129248.918998349
452,E14000981,Suffolk Coastal,635941,249529,1.443063,52.09378,f6ddaec6-6bae-4399-9472-3ed58e0d11bd,771993727.756119,194710.646215771
453,E14000982,Sunderland Central,438940,556531,-1.39429,54.902,0c1e8d63-78d3-409f-a09d-070b5114b091,29031566.3449554,29977.0722751332
454,E14000983,Surrey Heath,493294,162147,-0.6617,51.35075,59fae4f9-40c1-4f9f-aed2-5059b8d079d4,110572364.416275,62364.2076612766
455,E14000984,Sutton and Cheam,524743,164093,-0.20962,51.36221,6b95ae3c-06e5-447a-956d-dc96326afc59,19233057.6294098,22142.3523350136
456,E14000985,Sutton Coldfield,412968,296625,-1.8101,52.56731,95be96fd-8275-4a1b-a8ea-6f6a7cc9cf4f,58398733.5830231,36394.5183500761
457,E14000986,Tamworth,416920,302985,-1.75147,52.62438,241bff5a-a46b-4a33-95b8-2931f7c4396d,180014944.429337,81477.4130004409
458,E14000987,Tatton,372677,375936,-2.41123,53.2797,a83ca8cf-09f1-425b-8cf7-aa254f120bb4,331643603.739632,105658.548626735
459,E14000988,Taunton Deane,318327,123470,-3.16542,51.00479,3971c727-5cf3-4775-819a-509ed0202f0c,462699202.15308,132348.867438512
460,E14000989,Telford,369255,307882,-2.45606,52.66778,9db869a1-d022-42e8-8efa-4958f79a5e2e,50844038.7863846,33742.8522973917
461,E14000990,Tewkesbury,395051,226279,-2.07338,51.935,6f720e69-1272-4934-91ca-236d43e95266,363964401.340569,145392.37223402
462,E14000991,The Cotswolds,407586,216304,-1.89127,51.84529,5105e6af-4368-427f-a552-3e12c995f644,1243571693.14551,291458.931490405
463,E14000992,The Wrekin,369695,319172,-2.4506,52.7693,f00ede3c-6928-4d9d-83fc-d357fc8a1be0,344863708.558701,127164.863670966
464,E14000993,Thirsk and Malton,465689,478532,-0.9946,54.19836,c9c33e63-62b5-4a77-80c3-7ad1fc5982e8,2147572495.9794,301920.865233503
465,E14000994,Thornbury and Yate,369237,185199,-2.4452,51.56482,c793dc01-f9cd-4ffb-b477-3ca34b4554a1,398156772.073601,115971.210481266
466,E14000995,Thurrock,559441,180028,0.29554,51.49671,b19a2bd3-10bd-441a-a504-6cb4ba585536,68600588.8865433,47050.3784696297
467,E14000996,Tiverton and Honiton,312313,107481,-3.24726,50.86015,ea2e7216-9d22-47ff-b2e9-d1df247ae377,904768756.543943,180388.991346969
468,E14000997,Tonbridge and Malling,561918,151566,0.318238,51.24029,bf24efd8-3215-4061-80b0-e06be44d00c0,303534811.850143,108464.721507967
469,E14000998,Tooting,527687,172670,-0.16428,51.43864,c56863f1-bb13-493a-9625-cfda9bb80e77,10763174.271637,14171.2490232205
470,E14000999,Torbay,290904,64048,-3.53853,50.46606,2cb69cd0-9086-4a38-80dd-7ee36ee15e9a,37059573.8764734,37747.397558632
471,E14001000,Torridge and West Devon,244317,100533,-4.20983,50.7834,a4310f13-81ce-4928-992c-8145880bb142,1709452730.41229,339055.375136909
472,E14001001,Totnes,279926,51148,-3.68902,50.34795,85ed12f1-e7e2-48ab-ae94-e92a0af8976e,574654871.514058,179312.267292115
473,E14001002,Tottenham,532904,189293,-0.083,51.58682,edd5d5a3-d02d-42b5-abe5-320bc1053a7a,13380242.4714661,16831.9255120477
474,E14001003,Truro and Falmouth,182698,51259,-5.05405,50.3211,fcddee20-7873-4677-88cb-e4ebd011eb66,450486505.723565,162489.633387211
475,E14001004,Tunbridge Wells,566713,140725,0.38184,51.14151,fdb85815-67e0-4c7e-960f-0d94838341af,245013361.036133,104707.900131908
476,E14001005,Twickenham,514894,171607,-0.3486,51.43182,b423a5fb-5433-43a0-bc62-624c0fdd453a,28721146.6967697,27326.4842298835
477,E14001006,Tynemouth,433256,571150,-1.48124,55.03377,b2496608-4c61-4297-acf8-adb8531b7c0d,37563320.8678284,31791.7435480446
478,E14001007,Uxbridge and South Ruislip,508040,183856,-0.44341,51.54327,42ded417-6511-4de8-b3bc-756093a7e647,30288840.5886993,28022.8446981877
479,E14001008,Vauxhall,530310,176644,-0.1251,51.47376,9d50a76b-8a8e-4393-9fe0-1b5a6023aa40,8150402.96875,14717.4122853417
480,E14001009,Wakefield,430382,416329,-1.54192,53.64261,a0cf997d-2a97-4587-afee-5a556b757103,79623814.2289276,49212.5163658502
481,E14001010,Wallasey,326798,391347,-3.10278,53.41384,1fe7da66-f985-462d-beb6-01e078f9ff29,21512689.1668167,24349.323986128
482,E14001011,Walsall North,399391,300845,-2.01042,52.6054,81b0109b-22b6-433d-be34-992611271a01,26720182.6477585,26741.664892569
483,E14001012,Walsall South,401479,297306,-1.9796,52.57358,cbf45553-7c9b-4d99-8e15-9997c312f784,33218523.0102234,34035.8584595861
484,E14001013,Walthamstow,537215,189198,-0.02085,51.58494,dede95f9-ec35-463c-afe9-d7bcadff2a0f,15686172.3206558,17531.9425800096
485,E14001014,Wansbeck,423326,585770,-1.6354,55.1657,4ecb29c8-5011-4f3c-9bee-25bfc5b56862,137891625.862976,65392.8527939435
486,E14001015,Wantage,442287,190881,-1.39064,51.61517,93cb60f4-b983-45ed-bb22-530c01d370cf,586942082.007149,136294.134807415
487,E14001016,Warley,400825,287646,-1.98927,52.48674,48293e09-2906-404a-a68e-b82199fc0531,19483039.5649643,19039.3251833232
488,E14001017,Warrington North,362731,392971,-2.5624,53.43221,bdeb17ea-9034-4a7f-81bc-d5834a2a12e9,89759236.2147064,52753.7312131686
489,E14001018,Warrington South,362664,384845,-2.56245,53.35917,d6105880-d757-418b-b9dd-21c3a91b6e07,89623846.2254486,55772.3620537589
490,E14001019,Warwick and Leamington,427748,263012,-1.59482,52.26459,b1d27463-0023-47e2-b96d-52bff7f26964,88776687.4319687,50797.3873209159
491,E14001020,Washington and Sunderland West,431484,556783,-1.51053,54.90478,77db6de2-b900-4c1e-94b7-a29402e21092,41811517.9475555,34819.7286491803
492,E14001021,Watford,509752,198347,-0.4142,51.67318,fc31bebe-3eab-4fbd-b6cc-c169285f4a52,37936576.5167923,33014.6976193885
493,E14001022,Waveney,643576,289401,1.583055,52.44825,6377d35d-9409-4148-a766-fbe18b684e24,250494918.751984,112357.167905977
494,E14001023,Wealden,552834,124884,0.176907,51.00304,a48c66da-9c63-44bd-8483-01d2f58720ea,574471835.551361,167847.964674339
495,E14001024,Weaver Vale,357932,378463,-2.63269,53.30145,2e28e42c-12f3-4082-b489-3afad1d4a33a,166749763.318504,89554.6349427275
496,E14001025,Wellingborough,491876,265617,-0.65465,52.28104,0aba7792-3048-4967-9d52-770eeccb81a8,168776126.858002,79267.5537966281
497,E14001026,Wells,349693,146256,-2.72161,51.21327,16033a07-a67c-4dec-bf32-fc91c7393f6b,561269188.931755,139778.754648826
498,E14001027,Welwyn Hatfield,525345,208467,-0.18518,51.76087,bdad5b61-e142-4f9f-ac40-d3ee0cdd3a63,114985965.818459,65799.8226230892
499,E14001028,Wentworth and Dearne,442975,399603,-1.35374,53.4914,1968dcb9-001d-4710-89cf-094e33be6130,90317028.2970428,66652.9944572065
500,E14001029,West Bromwich East,402098,293072,-1.97049,52.53552,fab6750c-44f8-493e-ab5d-be1961fc5a09,27215439.8060608,26418.264943522
501,E14001030,West Bromwich West,397511,292210,-2.03811,52.52777,d183dd6f-a689-4920-b83f-d2a5e13728b7,29320811.7370834,27065.9283282385
502,E14001031,West Dorset,357765,99662,-2.60061,50.79496,c1e210be-a8ff-4666-bc81-cde102e1ebcd,1031096116.60401,226641.007893569
503,E14001032,West Ham,539773,183154,0.013642,51.53,8c650e4c-fd16-4792-904b-b8f55c298115,17266721.3518448,17535.4327187721
504,E14001033,West Lancashire,342047,408082,-2.87649,53.56614,f208a458-1f2e-403f-9e28-56c066b0ed0e,264099179.078674,85962.5897395938
505,E14001034,West Suffolk,580944,275380,0.655057,52.34665,dc7e1995-b3b0-4080-8c9f-6f9e407d47a7,818730503.845345,247319.398977147
506,E14001035,West Worcestershire,380454,250018,-2.28706,52.14811,f43ea481-e137-421a-bd2d-d69c00f9334e,710192985.630768,242894.948690665
507,E14001036,Westminster North,525949,182219,-0.18587,51.52485,305ae3ad-8faa-4616-9c72-0a14a3128ab3,7294376.63452148,13946.2169900426
508,E14001037,Westmorland and Lonsdale,352859,492552,-2.72633,54.32636,bc27d4a7-1422-4105-8036-f15a25d4493e,1355095347.51289,207001.372281564
509,E14001038,Weston-Super-Mare,338993,160991,-2.8773,51.34471,d765a194-1dfe-4a96-b99f-0d3dc55df94a,143791545.681595,71554.0511804544
510,E14001039,Wigan,357776,408202,-2.63903,53.56873,4567e969-574c-4392-9b4d-896121bf4357,60298938.0200653,33401.2523333985
511,E14001040,Wimbledon,524127,170000,-0.2164,51.41543,b75acfb1-fd8f-4be5-9a80-71a5ab503f4d,20724408.5216217,17804.1231338744
512,E14001041,Winchester,451629,135560,-1.26375,51.117,f260c6af-54a8-4f6e-96f6-0c88129b496f,320276942.382744,107072.870793903
513,E14001042,Windsor,490470,171462,-0.69987,51.43494,0f79ce3d-8967-4f59-917c-60f023853094,147235508.166351,79489.3402851329
514,E14001043,Wirral South,330457,382141,-3.04571,53.3316,029fe857-f73c-4e1a-b72a-1ef5d37baa12,60680632.4949951,40662.4307721157
515,E14001044,Wirral West,324734,386748,-3.13272,53.37222,f6bcd2a5-47e5-4717-a4f2-4a7a7aa30304,46845865.4407043,29647.6603036006
516,E14001045,Witham,586792,214917,0.707738,51.80169,871fbc8d-8ebd-4a50-8c44-e9d817730414,374461013.700417,121337.729177404
517,E14001046,Witney,434343,215816,-1.50292,51.8399,9baeff8b-13c9-461b-b2ae-39a08793adf8,714031192.172371,132248.869217438
518,E14001047,Woking,496149,155762,-0.62244,51.29288,d35827ec-a8d0-44e9-ab74-a3a6af891585,96098396.8905487,58313.905210312
519,E14001048,Wokingham,470405,168144,-0.98912,51.40796,51754c42-e478-4505-a3d6-46ae1b07601e,155635557.285797,74066.1617467063
520,E14001049,Wolverhampton North East,393362,301509,-2.09945,52.61133,187af8b7-c143-440e-aeca-9881626b6f79,23786306.6088791,23336.2098861559
521,E14001050,Wolverhampton South East,393533,296490,-2.09683,52.56621,fef33f93-3c40-4645-b74a-0faecf53015f,24642313.6321945,21430.8447676064
522,E14001051,Wolverhampton South West,389010,298671,-2.16363,52.58574,f91994ed-86ae-410c-b8f0-714c91e82258,22949991.6209564,21461.283169985
523,E14001052,Worcester,385725,255196,-2.21025,52.19482,d2de22ed-70ca-49da-a0cf-0c1e25a3b4e9,34532078.8893051,23906.9716881482
524,E14001053,Workington,317337,543164,-3.28663,54.77656,98ba96e8-383a-4df6-8d92-5a7b866cb25d,679476256.430832,196547.202746776
525,E14001054,Worsley and Eccles South,372907,399589,-2.40982,53.49232,0747f47f-12c3-40bd-a4db-baf69bae8459,61666700.4453735,45541.2432398365
526,E14001055,Worthing West,511068,104627,-0.42423,50.83052,5625aac6-e64d-412c-9c5c-5bb6cce11e20,28473985.0421448,33525.0281245022
527,E14001056,Wycombe,479281,190191,-0.85659,51.60498,43e16f68-7195-4f2f-9bee-6047d7dc93ad,142631305.881882,68384.6608131103
528,E14001057,Wyre and Preston North,351597,440598,-2.7374,53.85935,5945a4aa-ce77-42bf-a796-8b9897b849ac,267479267.287277,113276.876851681
529,E14001058,Wyre Forest,384106,276388,-2.23494,52.3853,5d4a2a8b-d314-477b-8ed9-b55af691c6ee,196196712.412308,82043.4435907608
530,E14001059,Wythenshawe and Sale East,380730,389917,-2.29132,53.40573,80dbff06-883a-4811-81f2-511497533629,35095104.5618439,34158.1319710041
531,E14001060,Yeovil,340522,114840,-2.84771,50.92992,1126a1f8-0049-4f9d-b086-0e56b09d6cde,401954705.670444,119478.560679994
532,E14001061,York Central,459887,451276,-1.0889,53.95413,5d2b3427-709d-4865-81fb-e4c4e0c8c6d6,23723010.7167969,26655.7912625358
533,E14001062,York Outer,461058,457909,-1.06973,54.0136,1e776c3b-6cc3-456c-9fd5-76eff16f884e,251045846.361923,111572.741032552
534,N06000001,Belfast East,152079,529068,-5.83807,54.59523,5d74a503-eaf6-4a59-8f69-a3ee13b8a617,55086339.3227539,35942.992343217
535,N06000002,Belfast North,145236,534734,-5.94866,54.64262,afef5a78-8b7b-4cc8-ab20-30cdd7895db0,49900188.9028397,34500.704299923
536,N06000003,Belfast South,145758,526423,-5.93339,54.56837,fcf73ec1-f19b-4183-9ae6-337580e798eb,44620888.288002,38835.1486821403
537,N06000004,Belfast West,141839,529165,-5.99627,54.59097,5a51cef4-7dc0-4cce-9a99-1dfb253d03ce,47884003.7844086,31609.9264855507
538,N06000005,East Antrim,146667,564009,-5.95208,54.90581,ce734566-de0c-4747-bf43-f79250dfffbd,583208354.83036,172456.672829374
539,N06000006,East Londonderry,89620,579624,-6.85568,55.01349,64a7ff9f-5165-4f20-bce4-1c1c546eb924,1276109473.19821,196310.709181117
540,N06000007,Fermanagh and South Tyrone,40652,510258,-7.53268,54.36015,9cd6d85c-7ae6-44c1-ac95-b4498d671ce5,2504449135.43826,384991.455362443
541,N06000008,Foyle,62897,578624,-7.27068,54.98718,c3282ab7-28c2-4146-90a8-7a2a834c367b,182918431.449823,68672.3731521424
542,N06000009,Lagan Valley,136134,513375,-6.07021,54.44648,2a4b78f2-85c5-4451-b273-e39a4bb63b38,465624387.640865,113838.95618045
543,N06000010,Mid Ulster,96559,546851,-6.7131,54.72425,462b77e4-1845-4811-908d-8217f5726a96,1354270777.45813,178644.017449462
544,N06000011,Newry and Armagh,101133,493856,-6.58873,54.25226,fa196462-1608-4e4f-9c4e-9eb4fe3c55a9,1082515152.26863,179515.688937486
545,N06000012,North Antrim,126408,577142,-6.2797,55.01283,2fb2a4db-2161-4e45-80a3-890f809bdd85,1388992487.52872,227312.402657241
546,N06000013,North Down,161862,532857,-5.69006,54.63391,ff958c13-c2ee-4aa1-8e88-921e9a6055e7,115749720.193016,66945.1471439342
547,N06000014,South Antrim,129133,539234,-6.20169,54.67457,dfa53b33-a08f-4663-a145-b6d3fd3ac895,783759230.337154,144891.238787899
548,N06000015,South Down,143313,489313,-5.93906,54.23441,47f829a1-68c7-4b8a-825f-50f99295c089,1252477000.04924,224163.245101839
549,N06000016,Strangford,163128,515007,-5.65612,54.47441,665ae266-f56d-4b4a-8830-656c5e6c2cc3,650696953.343719,141790.092774533
550,N06000017,Upper Bann,115180,517442,-6.39633,54.47162,99a1e4ce-dda0-4c4e-99d9-83f292f0243c,479243995.810123,111535.667626235
551,N06000018,West Tyrone,49749,544816,-7.43433,54.67567,e9b73cc6-278b-462f-aa8a-d3e689b9de92,1995237853.52937,259947.604788475
552,S14000001,Aberdeen North,389796,808947,-2.17038,57.17123,f4933c69-fbaa-4d14-b960-4548d239cd8e,47435859.5762634,43184.2444094045
553,S14000002,Aberdeen South,384014,802600,-2.26559,57.11405,4cd49fd7-8a13-4245-959f-bedb8b3953c5,82529641.832428,57208.2027298201
554,S14000003,Airdrie and Shotts,283330,662650,-3.86475,55.8429,8db0cc93-618c-4c5d-8f1b-a4d112cdbdbd,230365867.745102,78050.633257662
555,S14000004,Angus,344353,761976,-2.91145,56.74606,44f3c78f-0125-4be1-a17b-eb125a7a76ff,1984468296.38011,239317.957074029
556,S14000005,Argyll and Bute,200740,715443,-5.22114,56.28944,ec5c27fa-22f6-4247-97c7-ada9b8b6f7e0,6957713526.04521,2169899.23155768
557,S14000006,"Ayr, Carrick and Cumnock",238952,603944,-4.53852,55.30317,3dce0437-ca88-4f30-bccf-deb80b18ad92,1623463404.88972,250253.905366944
558,S14000007,Banff and Buchan,386376,849383,-2.22919,57.53436,af2d1f68-49c7-4745-88d2-201cdc19fd7b,1590096428.0123,221822.339561253
559,S14000008,"Berwickshire, Roxburgh and Selkirk",356200,624537,-2.69512,55.51261,c83276aa-0eb8-48ce-b50b-a2e8563bac7b,3842948465.80081,389865.512982461
560,S14000009,"Caithness, Sutherland and Easter Ross",258617,918471,-4.4027,58.13248,638d14bf-718c-4d16-add7-000d34f28920,8619024645.05956,900536.920577184
561,S14000010,Central Ayrshire,238950,628173,-4.55254,55.52066,527f5191-ae2e-4815-ad34-1e57f1e9b270,232084269.496185,99413.34860658
562,S14000011,"Coatbridge, Chryston and Bellshill",269133,669782,-4.09476,55.90329,d47a0732-e108-4abe-8030-a81ddcd23e86,80450870.7479095,59017.4794141964
563,S14000012,"Cumbernauld, Kilsyth and Kirkintilloch East",268306,677738,-4.11186,55.9745,fb206c1e-4c2d-465c-962a-b4c8786f0cdb,190435996.604401,86864.2349257111
564,S14000013,Dumfries and Galloway,252740,567859,-4.30279,54.9835,ffc00ef2-0dee-4c2a-86f6-73c02d97d71a,3993682774.22852,519396.269360329
565,S14000014,"Dumfriesshire, Clydesdale and Tweeddale",305399,610683,-3.4946,55.38097,d3224399-ef35-4fad-9553-268c4523bfd3,4297076713.57358,443315.781299507
566,S14000015,Dundee East,347896,736729,-2.84842,56.51969,9961c1b7-fa98-4a50-aa08-0fb461046627,150704095.446579,65965.0686634497
567,S14000016,Dundee West,333100,735387,-3.0885,56.50576,e1672c3a-4fd4-419d-ba3d-ef276f80fddc,116302771.181992,53472.1712108113
568,S14000017,Dunfermline and West Fife,304846,688762,-3.53053,56.08215,4b1ec454-2aa6-4122-9771-4cfab30d10b2,224482670.064651,85111.5422906572
569,S14000018,East Dunbartonshire,256840,674119,-4.29351,55.93873,e61098df-557e-413b-9e0f-bc9783dd2fd5,85554598.8753815,55944.8566033965
570,S14000019,"East Kilbride, Strathaven and Lesmahagow",268907,644910,-4.08639,55.67991,d7e215b5-6efc-4610-bb75-d14b6b8c2508,407851765.329102,126174.601133623
571,S14000020,East Lothian,354854,672351,-2.72435,55.94207,e9cb7129-df16-4ef9-8cd7-900d920290f1,678145466.385162,140169.732815421
572,S14000021,East Renfrewshire,251929,653115,-4.3606,55.74868,4aa553a4-b263-41eb-921d-9e6adf48c96c,175642687.185272,75221.5140681411
573,S14000022,Edinburgh East,328720,672753,-3.14277,55.94251,eebb5a95-8fd9-4468-9931-15eae3e847f9,25250830.7842865,23527.3281744044
574,S14000023,Edinburgh North and Leith,324819,675786,-3.20606,55.96915,463e8ade-8cdd-4311-b753-71799c6b9443,19509511.4567719,23638.5084799153
575,S14000024,Edinburgh South,326643,669657,-3.17517,55.91438,818cb44f-4b2f-4c62-9204-1055c54cdca4,28885750.1443176,23194.1926682398
576,S14000025,Edinburgh South West,318312,666474,-3.30746,55.88445,4394c936-95f0-4f8d-8f51-503dc055f2eb,90280477.9351501,51199.8641190067
577,S14000026,Edinburgh West,316926,673574,-3.33179,55.94798,febfaed0-dc6a-4ca0-874e-de676f3ba433,98291232.9992676,55019.5664247463
578,S14000027,Na h-Eileanan an Iar,126473,932862,-6.65722,58.19938,a50d0a7b-a52b-4b35-9d85-80770f4b14bd,3034522218.67968,1586246.4373692
579,S14000028,Falkirk,283491,683752,-3.8713,56.03243,90e08983-b076-43b9-9d97-7d1335475c20,178747102.31749,83606.8328508553
580,S14000029,Glasgow Central,257847,663263,-4.2717,55.84157,4f5143ce-6a42-4402-80f6-fce5d82737cb,20952351.2987671,24672.1571566128
581,S14000030,Glasgow East,265327,664585,-4.153,55.85558,0d619f2e-38f9-4271-a951-b3b5b7e53844,39882440.9421997,30783.4165678336
582,S14000031,Glasgow North,256777,668773,-4.29168,55.89072,82bc556d-abc3-4a93-9484-c8bfd3e38104,17239604.9160309,21648.1049641768
583,S14000032,Glasgow North East,261760,668310,-4.21184,55.88802,76e68a4b-11db-4ac1-a3d5-959367efa3aa,28027099.8728943,25640.412467607
584,S14000033,Glasgow North West,253174,669166,-4.34945,55.89316,d06e992b-ba85-47a1-9648-9058e693443b,18600056.9035034,20428.4813356121
585,S14000034,Glasgow South,258684,660035,-4.25666,55.81283,f62521a4-0337-4f35-b208-5cf7d1ede440,25223626.4886932,27056.0012093299
586,S14000035,Glasgow South West,253614,663773,-4.33951,55.84488,834593cf-b5f4-4e7d-9d6e-0795cbe00f02,26761259.2194366,26102.7774159611
587,S14000036,Glenrothes,328253,698904,-3.15726,56.17734,57d6a515-f1ef-40dc-a6ee-3322b20aaf5c,175709244.907394,70812.107404552
588,S14000037,Gordon,370510,829595,-2.49177,57.35586,22e7b767-7e6c-4fd0-9d57-29a5796ffe17,1518891860.47867,276734.968847159
589,S14000038,Inverclyde,227922,670894,-4.75387,55.9003,417cfefb-e6ba-4294-bd08-57488190ece7,162971633.885361,61696.771467206
590,S14000039,"Inverness, Nairn, Badenoch and Strathspey",263480,814421,-4.26127,57.20015,4762fef0-e56c-4ce6-9f3d-09ae81224122,4935032144.23099,385813.823885915
591,S14000040,Kilmarnock and Loudoun,255398,633167,-4.29487,55.57064,01cbc838-82f3-47a7-b139-030b48fa463c,706902045.436996,176626.541016058
592,S14000041,Kirkcaldy and Cowdenbeath,322259,690503,-3.25133,56.10094,3dd3a1d6-d18e-4e2c-bfb8-28ba182bf7de,147683120.491959,82558.5536469066
593,S14000042,Lanark and Hamilton East,290722,650833,-3.74202,55.73851,a7ec2e49-d62d-47f4-8182-acd218540f59,366354368.294525,123555.288731919
594,S14000043,Linlithgow and East Falkirk,292934,672000,-3.71516,55.9291,49c8fcc2-1df9-40ac-921b-92e83041d392,279122341.727386,117349.222426421
595,S14000044,Livingston,302051,663045,-3.56606,55.85062,1260823b-56fb-4149-8537-d4ee98a84233,270773363.151779,96093.2906572143
596,S14000045,Midlothian,330088,659217,-3.11738,55.82111,071a149f-884e-406a-a13f-58c420b8ee5d,354670934.367706,110254.804824933
597,S14000046,Moray,328015,843590,-3.20202,57.4768,205c5c97-3399-4ae5-87e4-58311a2714c3,2251211667.0955,339206.851834213
598,S14000047,Motherwell and Wishaw,277792,656049,-3.95017,55.78225,b833c58d-4ac6-4a45-9e25-a93569aa3022,56966329.6753693,37649.0413656832
599,S14000048,North Ayrshire and Arran,195921,636366,-5.23906,55.57807,7ee55531-67b6-4405-a586-5f8a56629559,808120126.23391,231645.433408419
600,S14000049,North East Fife,338928,714311,-2.98891,56.31723,5bde93d0-181c-4137-b2d6-ee92b6c57a24,773045801.724487,150362.493720233
601,S14000050,Ochil and South Perthshire,293126,714234,-3.72902,56.30842,85e0780f-903b-4b25-ac64-ab353b92b7f2,1722730160.22446,246876.84681287
602,S14000051,Orkney and Shetland,434516,1180307,-1.37344,60.50495,46fcffe6-c783-4ce3-bc2e-c403fb41d6be,2415990679.0502,1937217.94967348
603,S14000052,Paisley and Renfrewshire North,243336,668525,-4.50623,55.8843,3a3d432a-cc0b-4b7b-8690-cac448b1b454,131862462.395905,55942.7391345902
604,S14000053,Paisley and Renfrewshire South,239382,660301,-4.56451,55.80918,ce42aede-82a8-4b52-b514-86f510f17899,138424829.611282,70379.4660149514
605,S14000054,Perth and North Perthshire,282163,752466,-3.92341,56.6491,ea851bd2-d819-4733-a2bf-301bef627c7b,3828358758.07172,398404.220611362
606,S14000055,"Ross, Skye and Lochaber",211302,834601,-5.13902,57.36264,2b4e3160-1d60-44b7-8393-64fbdb22bcf5,12559741807.3586,2273573.55242449
607,S14000056,Rutherglen and Hamilton West,268594,657784,-4.09756,55.79542,e1b38263-c3b4-4712-bba3-24cfb73da87f,51485143.3047791,45762.8110330604
608,S14000057,Stirling,255980,708769,-4.32595,56.24953,870aeacf-ddd8-4a4e-be5e-8be96c162e53,2258862575.32535,287450.178254269
609,S14000058,West Aberdeenshire and Kincardine,342584,792624,-2.9473,57.02113,a0b8d4c7-cab3-4034-871a-c2a47e909ee3,3267416068.0733,399143.393533198
610,S14000059,West Dunbartonshire,242904,681586,-4.52074,56.0014,db4470be-64ca-4753-9bf1-30ec495f47ce,179457861.602951,73529.8749478943
611,W07000041,Ynys Môn,245217,378331,-4.32298,53.27931,253412e2-3e25-4291-a846-367d6587005f,715181815.734566,178558.816370785
612,W07000042,Delyn,318273,370837,-3.22571,53.22827,ba859140-4c7a-4d43-b60a-ddf04c5f688c,281608541.875946,108091.492326685
613,W07000043,Alyn and Deeside,330102,362490,-3.04672,53.15495,287e9a03-b04b-4559-b673-071c1e281f9d,152989870.417931,76991.1187127398
614,W07000044,Wrexham,336339,353957,-2.95177,53.07904,30e93b0f-21ae-4747-818a-5754bf979bae,102989218.817734,48485.6440107566
615,W07000045,Llanelli,249768,205472,-4.17667,51.72778,363fe058-f6b5-4304-a1fc-4a59550917b5,234812596.274063,90326.6203688267
616,W07000046,Gower,256423,192102,-4.07488,51.60939,f70d12b6-f2eb-4af2-947b-f5ac135f83f7,299571488.543331,125904.117676093
617,W07000047,Swansea West,262790,193117,-3.98338,51.6201,7e41cf41-2f07-4dc0-825a-e68b96696bbf,34038540.4031754,28732.5439862925
618,W07000048,Swansea East,267106,196223,-3.92226,51.64905,51fa38e6-873f-4c9f-bfd4-13aebe5797e7,49427905.9373283,34087.8064013119
619,W07000049,Aberavon,281995,189115,-3.70476,51.58849,d11a358c-1f85-4806-9fb2-6bef13f369f7,180843050.694496,92123.6864529297
620,W07000050,Cardiff Central,319313,179182,-3.16395,51.50578,a8a726ac-414a-4590-91e7-93e428891546,15571271.9268494,17699.5479851722
621,W07000051,Cardiff North,316056,181631,-3.21145,51.52732,019820bf-eed6-4b43-8e88-f8d401a4cc66,43663520.0566216,32975.5645719396
622,W07000052,Rhondda,296949,196169,-3.49106,51.65483,6c15e6c4-147a-405c-b067-33113c6ccd2e,100759720.525661,44867.6845770682
623,W07000053,Torfaen,327169,200182,-3.05515,51.69564,208d5be2-c896-499a-986f-70b6065c4be3,117981305.978371,69312.3532413953
624,W07000054,Monmouth,337812,209231,-2.9028,51.77827,7a252876-53e4-462c-a148-41ac74475d9f,833828231.057568,180732.434286359
625,W07000055,Newport East,338924,188369,-2.88303,51.59084,17bcb1b2-184c-4715-9a8f-4bccd9fb3dca,123797633.531708,60963.8726274901
626,W07000056,Newport West,328762,186183,-3.02925,51.57,52d9066f-86db-40a1-83a7-825da4a95124,96627018.418045,63548.0951072191
627,W07000057,Arfon,256909,361596,-4.14025,53.13227,317cd678-a062-4941-b565-dd15c30f8879,405845237.439453,108093.281080591
628,W07000058,Aberconwy,276098,360879,-3.85333,53.13064,ef425736-f84e-4c4e-a879-94b5c6ce9e7d,609582630.437035,140383.236458295
629,W07000059,Clwyd West,297156,361691,-3.53898,53.14242,ededef2c-3eca-4d18-85fb-2fdb03a3266d,925000582.146591,190127.968475275
630,W07000060,Vale of Clwyd,306235,374013,-3.40692,53.25482,dcdfe002-bbb7-4448-912c-4c515db59665,215505308.66861,95313.8403501132
631,W07000061,Dwyfor Meirionnydd,273979,326157,-3.87145,52.81819,1061dd12-42b8-4dfc-93a0-2f594f705fed,2146386416.85058,373043.128500644
632,W07000062,Clwyd South,327082,342911,-3.08743,52.97857,e03f0398-b5d8-4f53-9785-e6a2fcc83e8f,627090122.781517,166782.728011123
633,W07000063,Montgomeryshire,301718,304472,-3.4535,52.62909,df31f0e9-661a-49a1-8bf8-7af9263b9639,2185405003.53692,280349.472416728
634,W07000064,Ceredigion,267127,268437,-3.94993,52.29795,5bb3f247-b0e2-473c-8245-1cd36de749a4,1781830892.15612,256695.135678996
635,W07000065,Preseli Pembrokeshire,193261,226432,-5.00632,51.89799,bbdcd79d-3972-4296-87b3-3446a334ec69,1175812640.52776,274925.405218419
636,W07000066,Carmarthen West and South Pembrokeshire,216123,213331,-4.66747,51.78834,eb1baae5-6998-455c-be5d-562b31e537cc,1035784996.27737,228632.35479934
637,W07000067,Carmarthen East and Dinefwr,262869,228244,-3.99613,51.93576,bfa9a7d4-c24e-4af2-919b-6d6af15a81f0,1560824045.87329,247218.736466554
638,W07000068,Brecon and Radnorshire,305328,248413,-3.38434,52.12589,4c7f3e7f-f3e9-4ba1-95fb-2c0401bed133,3011680621.63618,306887.499827147
639,W07000069,Neath,280613,203826,-3.72973,51.72041,3e77a56f-d10f-4f39-8d7f-32f048c45b19,264051239.652546,82347.6348150947
640,W07000070,Cynon Valley,297160,203213,-3.49009,51.71818,0c73cdb3-c8ad-4c71-ac58-58f7981fdc0f,181041430.409912,76178.6647002606
641,W07000071,Merthyr Tydfil and Rhymney,307976,203618,-3.33368,51.7237,f5cc5655-ee2d-4e0d-922f-7454f0ab55d5,162939328.653381,64031.2583320117
642,W07000072,Blaenau Gwent,318236,206771,-3.18592,51.75364,c4342cac-0c58-4a0b-a8a4-caf598fb58f6,109263457.433739,58169.805683176
643,W07000073,Bridgend,287211,179698,-3.62648,51.50492,846ed49a-9e39-42b0-92b0-4751014898e1,84958669.7873192,48149.6979584879
644,W07000074,Ogmore,291741,187410,-3.56361,51.57513,6f522f48-f750-4c01-a4bb-4323a10fdd6d,202915662.901215,70057.2527939314
645,W07000075,Pontypridd,307034,185796,-3.34257,51.56335,87bf1566-41e4-4bc6-b777-51c5d24372e6,104583862.666775,58997.1480311962
646,W07000076,Caerphilly,316860,188276,-3.20144,51.58718,8c729ece-7d14-4b55-9b8c-3dff44b53255,115015651.037498,59226.3988836419
647,W07000077,Islwyn,320517,196276,-3.15048,51.65962,7c062428-2efe-4675-9a0e-18e13946956a,113273765.068291,56241.3067056469
648,W07000078,Vale of Glamorgan,302293,173080,-3.40742,51.44824,a802278e-c052-4950-a6f7-d4c3086bf090,311825286.460907,83051.8699455362
649,W07000079,Cardiff West,312437,178939,-3.26294,51.50257,298c3ca3-2a9b-46f5-8715-fa2e353aea7f,51822443.9159508,35030.2637963847
650,W07000080,Cardiff South and Penarth,317947,171807,-3.18191,51.43929,cbc695bd-00b7-4980-8615-2f1f29543908,47993012.2855339,47992.9620038092
